/* INGESTA EN TABLAS DIMENSIONES
*/

INSERT INTO cobranzas_capa_uno.dim_provincia (id_provincia, nombre_provincia) VALUES
    ('P01', 'Misiones'),
    ('P02', 'Corrientes'),
    ('P03', 'Chaco'),
    ('P04', 'Santa Fe'),
    ('P05', 'Entre Rios'),
    ('P06', 'Cordoba'),
    ('P07', 'Mendoza'),
    ('P08', 'Salta'),
    ('P09', 'Tucuman'),
    ('P10', 'Jujuy');
    
INSERT INTO cobranzas_capa_uno.dim_ciudad (id_ciudad, nombre_ciudad, id_provincia) VALUES
    ('C001', 'Posadas', 'P01'),
    ('C002', 'Obera', 'P01'),
    ('C003', 'Eldorado', 'P01'),
    ('C004', 'Puerto Iguazu', 'P01'),
    ('C005', 'Apostoles', 'P01'),
    ('C006', 'San Vicente', 'P01'),
    ('C007', 'Jardin America', 'P01'),
    ('C008', 'Montecarlo', 'P01'),
    ('C009', 'Leandro N. Alem', 'P01'),
    ('C010', 'San Ignacio', 'P01'),
    ('C011', 'Puerto Rico', 'P01'),
    ('C012', 'Wanda', 'P01'),
    ('C013', 'Aristobulo del Valle', 'P01'),
    ('C014', 'Candelaria', 'P01'),
    ('C015', 'Campo Grande', 'P01'),
    ('C016', 'Corrientes', 'P02'),
    ('C017', 'Goya', 'P02'),
    ('C018', 'Mercedes', 'P02'),
    ('C019', 'Paso de los Libres', 'P02'),
    ('C020', 'Curuzu Cuatia', 'P02'),
    ('C021', 'Bella Vista', 'P02'),
    ('C022', 'Santo Tome', 'P02'),
    ('C023', 'Esquina', 'P02'),
    ('C024', 'Monte Caseros', 'P02'),
    ('C025', 'Ituzaingo', 'P02'),
    ('C026', 'Saladas', 'P02'),
    ('C027', 'Empedrado', 'P02'),
    ('C028', 'Itati', 'P02'),
    ('C029', 'Resistencia', 'P03'),
    ('C030', 'Saenz Peña', 'P03'),
    ('C031', 'Villa Angela', 'P03'),
    ('C032', 'Charata', 'P03'),
    ('C033', 'General San Martin', 'P03'),
    ('C034', 'Castelli', 'P03'),
    ('C035', 'Barranqueras', 'P03'),
    ('C036', 'Fontana', 'P03'),
    ('C037', 'Quitilipi', 'P03'),
    ('C038', 'Las Brenas', 'P03'),
    ('C039', 'Machagai', 'P03'),
    ('C040', 'Presidencia de la Plaza', 'P03'),
    ('C041', 'Rosario', 'P04'),
    ('C042', 'Santa Fe', 'P04'),
    ('C043', 'Rafaela', 'P04'),
    ('C044', 'Reconquista', 'P04'),
    ('C045', 'Venado Tuerto', 'P04'),
    ('C046', 'Parana', 'P05'),
    ('C047', 'Concordia', 'P05'),
    ('C048', 'Gualeguaychu', 'P05'),
    ('C049', 'Concepcion del Uruguay', 'P05'),
    ('C050', 'Cordoba', 'P06'),
    ('C051', 'Villa Maria', 'P06'),
    ('C052', 'Rio Cuarto', 'P06'),
    ('C053', 'San Francisco', 'P06'),
    ('C054', 'Mendoza', 'P07'),
    ('C055', 'San Rafael', 'P07'),
    ('C056', 'Godoy Cruz', 'P07'),
    ('C057', 'Salta', 'P08'),
    ('C058', 'Tartagal', 'P08'),
    ('C059', 'Oran', 'P08'),
    ('C060', 'San Miguel de Tucuman', 'P09'),
    ('C061', 'Tafi Viejo', 'P09'),
    ('C062', 'Yerba Buena', 'P09'),
    ('C063', 'San Salvador de Jujuy', 'P10'),
    ('C064', 'La Quiaca', 'P10'),
    ('C065', 'Perico', 'P10');

INSERT INTO cobranzas_capa_uno.dim_especialidad (id_especialidad, especialidad, rama, com_broker, com_asesor) VALUES
	('ESP01', 'Cardiologia clinica', 'Cardiologia', 0.1, 0.2),
    ('ESP02', 'Hemodinamia', 'Cardiologia', 0.15, 0.3),
    ('ESP03', 'Electrofisiologia cardiaca', 'Cardiologia', 0.15, 0.3),
    ('ESP04', 'Neurologia clinica', 'Neurologia', 0.1, 0.2),
    ('ESP05', 'Neurofisiologia', 'Neurologia', 0.15, 0.3),
    ('ESP06', 'Neurologia vascular', 'Neurologia', 0.15, 0.3),
    ('ESP07', 'Pediatria general', 'Pediatria', 0.05, 0.1),
    ('ESP08', 'Neonatologia', 'Pediatria', 0.1, 0.2),
    ('ESP09', 'Pediatria intensiva', 'Pediatria', 0.15, 0.3),
    ('ESP10', 'Dermatologia clinica', 'Dermatologia', 0.05, 0.1),
    ('ESP11', 'Dermatologia pediatrica', 'Dermatologia', 0.05, 0.1),
    ('ESP12', 'Dermatologia estetica', 'Dermatologia', 0.1, 0.2),
    ('ESP13', 'Ortopedia', 'Traumatologia', 0.1, 0.2),
    ('ESP14', 'Cirugia articular', 'Traumatologia', 0.15, 0.3),
    ('ESP15', 'Medicina deportiva', 'Traumatologia', 0.1, 0.2),
    ('ESP16', 'Ginecologia general', 'Ginecologia', 0.05, 0.1),
    ('ESP17', 'Obstetricia', 'Ginecologia', 0.1, 0.2),
    ('ESP18', 'Medicina reproductiva', 'Ginecologia', 0.15, 0.3),
    ('ESP19', 'Oncologia clinica', 'Oncologia', 0.15, 0.3),
    ('ESP20', 'Oncologia radioterapica', 'Oncologia', 0.15, 0.3),
    ('ESP21', 'Hematooncologia', 'Oncologia', 0.15, 0.3),
    ('ESP22', 'Oftalmologia general', 'Oftalmologia', 0.05, 0.1),
    ('ESP23', 'Retina y vitreo', 'Oftalmologia', 0.1, 0.2),
    ('ESP24', 'Cirugia refractiva', 'Oftalmologia', 0.1, 0.2),
    ('ESP25', 'Psiquiatria clinica', 'Psiquiatria', 0.05, 0.1),
    ('ESP26', 'Psiquiatria infantil', 'Psiquiatria', 0.1, 0.2),
    ('ESP27', 'Psiquiatria de adicciones', 'Psiquiatria', 0.1, 0.2),
    ('ESP28', 'Gastroenterologia clinica', 'Gastroenterologia', 0.1, 0.2),
    ('ESP29', 'Hepatologia', 'Gastroenterologia', 0.15, 0.3),
    ('ESP30', 'Endoscopia digestiva', 'Gastroenterologia', 0.1, 0.2);

INSERT INTO cobranzas_capa_uno.dim_clientes (Id_cliente, nombre_cliente, id_ciudad) VALUES
    ('CL00001Z', 'Juan Cardozo', 'C048'),
    ('CL00002I', 'Distribuidora Castro Group', 'C028'),
    ('CL00003Q', 'Distribuidora Quiroga SRL', 'C064'),
    ('CL00004G', 'Distribuidora Cardozo SA', 'C025'),
    ('CL00005B', 'Pablo Benitez', 'C025'),
    ('CL00006G', 'Mariana Benitez', 'C018'),
    ('CL00007G', 'Ana Acosta', 'C032'),
    ('CL00008H', 'Centro Medico Torres Salud', 'C036'),
    ('CL00009C', 'Oscar Diaz', 'C061'),
    ('CL00010Z', 'Centro Medico Acosta Salud', 'C035'),
    ('CL00011M', 'Natalia Ibarra', 'C024'),
    ('CL00012U', 'Clinica Perez Servicios', 'C028'),
    ('CL00013D', 'Servicios Medicos Benitez Servicios', 'C007'),
    ('CL00014Q', 'Patricia Acosta', 'C065'),
    ('CL00015S', 'Distribuidora Gomez SRL', 'C052'),
    ('CL00016W', 'Raul Dominguez', 'C033'),
    ('CL00017X', 'Daniela Rojas', 'C033'),
    ('CL00018Y', 'Sofia Duarte', 'C016'),
    ('CL00019D', 'Natalia Duarte', 'C031'),
    ('CL00020G', 'Distribuidora Cardozo SRL', 'C058'),
    ('CL00021F', 'Gabriel Gomez', 'C023'),
    ('CL00022I', 'Valeria Farias', 'C030'),
    ('CL00023I', 'Ana Castro', 'C001'),
    ('CL00024T', 'Juan Gimenez', 'C010'),
    ('CL00025D', 'Jorge Ibarra', 'C021'),
    ('CL00026R', 'Hector Diaz', 'C009'),
    ('CL00027B', 'Distribuidora Ruiz Salud', 'C057'),
    ('CL00028N', 'Roberto Farias', 'C046'),
    ('CL00029F', 'Laboratorio Navarro SA', 'C032'),
    ('CL00030K', 'Roberto Silva', 'C033'),
    ('CL00031A', 'Sofia Ortiz', 'C012'),
    ('CL00032A', 'Sofia Quiroga', 'C002'),
    ('CL00033K', 'Lucia Ruiz', 'C044'),
    ('CL00034K', 'Pedro Diaz', 'C019'),
    ('CL00035H', 'Instituto Godoy Salud', 'C006'),
    ('CL00036A', 'Distribuidora Godoy SRL', 'C006'),
    ('CL00037H', 'Juan Martinez', 'C024'),
    ('CL00038I', 'Distribuidora Ibarra Integral', 'C008'),
    ('CL00039T', 'Mariana Ruiz', 'C038'),
    ('CL00040P', 'Clinica Vera Integral', 'C061'),
    ('CL00041W', 'Carolina Ruiz', 'C019'),
    ('CL00042X', 'Ana Godoy', 'C025'),
    ('CL00043S', 'Daniela Ibarra', 'C019'),
    ('CL00044X', 'Laboratorio Cardozo SA', 'C010'),
    ('CL00045R', 'Andres Vega', 'C048'),
    ('CL00046T', 'Carolina Cardozo', 'C040'),
    ('CL00047S', 'Sanatorio Sanchez SRL', 'C015'),
    ('CL00048G', 'Raul Vera', 'C021'),
    ('CL00049H', 'Sandra Acosta', 'C018'),
    ('CL00050Y', 'Pedro Rojas', 'C038'),
    ('CL00051B', 'Maria Sanchez', 'C057'),
    ('CL00052L', 'Daniela Navarro', 'C024'),
    ('CL00053V', 'Mariana Silva', 'C026'),
    ('CL00054Q', 'Instituto Farias SRL', 'C065'),
    ('CL00055M', 'Oscar Molina', 'C021'),
    ('CL00056P', 'Valeria Duarte', 'C024'),
    ('CL00057P', 'Raul Ortiz', 'C040'),
    ('CL00058Q', 'Laboratorio Farias Salud', 'C053'),
    ('CL00059R', 'Sanatorio Gimenez Servicios', 'C037'),
    ('CL00060I', 'Andres Ruiz', 'C049'),
    ('CL00061F', 'Carolina Silva', 'C039'),
    ('CL00062Q', 'Sofia Quiroga', 'C003'),
    ('CL00063Z', 'Carlos Medina', 'C040'),
    ('CL00064K', 'Ana Godoy', 'C037'),
    ('CL00065Z', 'Clinica Gomez Integral', 'C013'),
    ('CL00066U', 'Sofia Molina', 'C054'),
    ('CL00067Q', 'Oscar Quiroga', 'C003'),
    ('CL00068F', 'Sofia Gomez', 'C065'),
    ('CL00069O', 'Lucia Molina', 'C002'),
    ('CL00070P', 'Martin Duarte', 'C048'),
    ('CL00071G', 'Hector Ortiz', 'C002'),
    ('CL00072S', 'Roberto Farias', 'C036'),
    ('CL00073G', 'Servicios Medicos Torres Salud', 'C057'),
    ('CL00074P', 'Carlos Gimenez', 'C056'),
    ('CL00075L', 'Jorge Godoy', 'C010'),
    ('CL00076E', 'Julieta Aguirre', 'C001'),
    ('CL00077D', 'Instituto Acosta SRL', 'C014'),
    ('CL00078Y', 'Grupo Medina Servicios', 'C016'),
    ('CL00079Q', 'Instituto Gimenez Integral', 'C030'),
    ('CL00080K', 'Clinica Acosta Integral', 'C026'),
    ('CL00081K', 'Julieta Ponce', 'C052'),
    ('CL00082V', 'Carlos Duarte', 'C055'),
    ('CL00083T', 'Instituto Cardozo SRL', 'C034'),
    ('CL00084S', 'Instituto Quiroga Servicios', 'C030'),
    ('CL00085P', 'Ana Sosa', 'C050'),
    ('CL00086Y', 'Daniela Vera', 'C004'),
    ('CL00087A', 'Daniela Diaz', 'C019'),
    ('CL00088I', 'Julieta Torres', 'C057'),
    ('CL00089V', 'Martin Godoy', 'C021'),
    ('CL00090M', 'Hector Martinez', 'C053'),
    ('CL00091V', 'Distribuidora Cardozo SA', 'C024'),
    ('CL00092S', 'Pablo Gimenez', 'C026'),
    ('CL00093B', 'Centro Medico Medina SRL', 'C058'),
    ('CL00094R', 'Carlos Perez', 'C041'),
    ('CL00095C', 'Carolina Ruiz', 'C065'),
    ('CL00096I', 'Instituto Ibarra SRL', 'C004'),
    ('CL00097L', 'Fernando Sosa', 'C010'),
    ('CL00098R', 'Jorge Vega', 'C053'),
    ('CL00099E', 'Laboratorio Gomez SA', 'C012'),
    ('CL00100N', 'Sandra Sanchez', 'C012'),
    ('CL00101K', 'Valeria Torres', 'C057'),
    ('CL00102J', 'Instituto Dominguez Servicios', 'C015'),
    ('CL00103P', 'Centro Medico Martinez SRL', 'C029'),
    ('CL00104Z', 'Sanatorio Benitez Integral', 'C039'),
    ('CL00105F', 'Sanatorio Quiroga SRL', 'C015'),
    ('CL00106S', 'Paula Godoy', 'C010'),
    ('CL00107L', 'Sanatorio Godoy Integral', 'C012'),
    ('CL00108M', 'Raul Gimenez', 'C038'),
    ('CL00109V', 'Raul Gimenez', 'C031'),
    ('CL00110W', 'Mariana Navarro', 'C009'),
    ('CL00111S', 'Valeria Farias', 'C031'),
    ('CL00112X', 'Centro Medico Ruiz SRL', 'C061'),
    ('CL00113A', 'Centro Medico Aguirre SRL', 'C010'),
    ('CL00114I', 'Sofia Castro', 'C064'),
    ('CL00115P', 'Oscar Vera', 'C018'),
    ('CL00116A', 'Natalia Vera', 'C038'),
    ('CL00117V', 'Centro Medico Cardozo Salud', 'C019'),
    ('CL00118E', 'Pablo Farias', 'C063'),
    ('CL00119M', 'Fernando Aguirre', 'C032'),
    ('CL00120X', 'Servicios Medicos Vega Group', 'C024'),
    ('CL00121S', 'Servicios Medicos Aguirre Group', 'C029'),
    ('CL00122I', 'Ana Godoy', 'C050'),
    ('CL00123O', 'Juan Sosa', 'C003'),
    ('CL00124Q', 'Paula Gimenez', 'C025'),
    ('CL00125A', 'Distribuidora Ibarra SRL', 'C030'),
    ('CL00126Y', 'Julieta Duarte', 'C004'),
    ('CL00127K', 'Laboratorio Dominguez Group', 'C023'),
    ('CL00128W', 'Monica Torres', 'C035'),
    ('CL00129W', 'Distribuidora Silva Salud', 'C053'),
    ('CL00130Z', 'Andres Duarte', 'C055'),
    ('CL00131G', 'Fernando Duarte', 'C021'),
    ('CL00132R', 'Distribuidora Godoy Salud', 'C035'),
    ('CL00133S', 'Paula Godoy', 'C049'),
    ('CL00134L', 'Servicios Medicos Ibarra SRL', 'C027'),
    ('CL00135B', 'Silvia Ibarra', 'C011'),
    ('CL00136J', 'Ana Sosa', 'C019'),
    ('CL00137K', 'Silvia Acosta', 'C004'),
    ('CL00138Q', 'Instituto Duarte SRL', 'C002'),
    ('CL00139J', 'Oscar Gomez', 'C018'),
    ('CL00140P', 'Silvia Gimenez', 'C032'),
    ('CL00141Q', 'Grupo Ibarra Group', 'C004'),
    ('CL00142L', 'Pablo Farias', 'C018'),
    ('CL00143O', 'Juan Sosa', 'C003'),
    ('CL00144U', 'Servicios Medicos Acosta SRL', 'C051'),
    ('CL00145B', 'Clinica Navarro Integral', 'C047'),
    ('CL00146J', 'Carlos Navarro', 'C036'),
    ('CL00147S', 'Centro Medico Castro Salud', 'C035'),
    ('CL00148R', 'Paula Navarro', 'C013'),
    ('CL00149F', 'Carlos Silva', 'C039'),
    ('CL00150E', 'Clinica Castro Servicios', 'C060'),
    ('CL00151M', 'Clinica Silva Servicios', 'C012'),
    ('CL00152R', 'Diego Vera', 'C007'),
    ('CL00153S', 'Laboratorio Quiroga Servicios', 'C005'),
    ('CL00154Y', 'Fernando Molina', 'C032'),
    ('CL00155M', 'Centro Medico Vega Salud', 'C048'),
    ('CL00156O', 'Centro Medico Quiroga Integral', 'C045'),
    ('CL00157X', 'Diego Castro', 'C011'),
    ('CL00158B', 'Sandra Ferreyra', 'C048'),
    ('CL00159H', 'Distribuidora Benitez Group', 'C004'),
    ('CL00160J', 'Pedro Gomez', 'C032'),
    ('CL00161B', 'Grupo Cardozo Servicios', 'C020'),
    ('CL00162D', 'Raul Torres', 'C023'),
    ('CL00163I', 'Sanatorio Medina SRL', 'C050'),
    ('CL00164Y', 'Pablo Navarro', 'C017'),
    ('CL00165M', 'Oscar Navarro', 'C061'),
    ('CL00166G', 'Instituto Perez SA', 'C002'),
    ('CL00167X', 'Laura Godoy', 'C039'),
    ('CL00168X', 'Patricia Acosta', 'C023'),
    ('CL00169R', 'Monica Diaz', 'C035'),
    ('CL00170Z', 'Clinica Ferreyra Integral', 'C030'),
    ('CL00171Q', 'Julieta Silva', 'C039'),
    ('CL00172F', 'Pablo Gomez', 'C022'),
    ('CL00173E', 'Carolina Silva', 'C012'),
    ('CL00174T', 'Valeria Ibarra', 'C040'),
    ('CL00175M', 'Clinica Gomez Servicios', 'C035'),
    ('CL00176N', 'Sanatorio Medina Integral', 'C022'),
    ('CL00177M', 'Carolina Vera', 'C023'),
    ('CL00178B', 'Clinica Castro SA', 'C023'),
    ('CL00179G', 'Patricia Duarte', 'C031'),
    ('CL00180O', 'Laboratorio Ferreyra Servicios', 'C060'),
    ('CL00181T', 'Centro Medico Ruiz Integral', 'C056'),
    ('CL00182E', 'Diego Rojas', 'C007'),
    ('CL00183Y', 'Julieta Martinez', 'C017'),
    ('CL00184Z', 'Sandra Godoy', 'C018'),
    ('CL00185L', 'Mariana Ortiz', 'C057'),
    ('CL00186U', 'Clinica Ferreyra Integral', 'C038'),
    ('CL00187R', 'Raul Rojas', 'C057'),
    ('CL00188I', 'Pablo Navarro', 'C033'),
    ('CL00189F', 'Sanatorio Quiroga Integral', 'C033'),
    ('CL00190H', 'Sandra Ruiz', 'C027'),
    ('CL00191M', 'Roberto Gimenez', 'C029'),
    ('CL00192U', 'Hector Torres', 'C018'),
    ('CL00193G', 'Raul Dominguez', 'C021'),
    ('CL00194L', 'Pablo Ortiz', 'C037'),
    ('CL00195E', 'Jorge Silva', 'C059'),
    ('CL00196T', 'Jorge Farias', 'C055'),
    ('CL00197F', 'Distribuidora Diaz Group', 'C018'),
    ('CL00198S', 'Grupo Sosa Salud', 'C024'),
    ('CL00199X', 'Patricia Ibarra', 'C031'),
    ('CL00200A', 'Paula Silva', 'C052'),
    ('CL00201F', 'Maria Ruiz', 'C018'),
    ('CL00202C', 'Centro Medico Ibarra Salud', 'C025'),
    ('CL00203S', 'Jorge Farias', 'C032'),
    ('CL00204V', 'Diego Acosta', 'C028'),
    ('CL00205Z', 'Sofia Ferreyra', 'C047'),
    ('CL00206B', 'Ana Cardozo', 'C029'),
    ('CL00207T', 'Grupo Vega Servicios', 'C020'),
    ('CL00208T', 'Lucia Navarro', 'C037'),
    ('CL00209V', 'Monica Sosa', 'C012'),
    ('CL00210T', 'Grupo Aguirre SA', 'C007'),
    ('CL00211H', 'Raul Dominguez', 'C060'),
    ('CL00212B', 'Laura Molina', 'C015'),
    ('CL00213M', 'Clinica Sosa SRL', 'C028'),
    ('CL00214W', 'Sanatorio Molina SRL', 'C022'),
    ('CL00215K', 'Raul Castro', 'C004'),
    ('CL00216T', 'Gabriel Quiroga', 'C035'),
    ('CL00217L', 'Natalia Rojas', 'C031'),
    ('CL00218V', 'Centro Medico Farias Integral', 'C039'),
    ('CL00219K', 'Diego Ruiz', 'C034'),
    ('CL00220V', 'Julieta Quiroga', 'C053'),
    ('CL00221N', 'Fernando Dominguez', 'C058'),
    ('CL00222F', 'Daniela Gomez', 'C027'),
    ('CL00223Q', 'Julieta Perez', 'C057'),
    ('CL00224W', 'Sofia Martinez', 'C008'),
    ('CL00225Q', 'Grupo Benitez Group', 'C004'),
    ('CL00226D', 'Natalia Godoy', 'C013'),
    ('CL00227S', 'Pablo Farias', 'C017'),
    ('CL00228Y', 'Monica Castro', 'C004'),
    ('CL00229M', 'Roberto Dominguez', 'C041'),
    ('CL00230N', 'Servicios Medicos Quiroga Servicios', 'C020'),
    ('CL00231O', 'Hector Ruiz', 'C059'),
    ('CL00232V', 'Distribuidora Torres SA', 'C027'),
    ('CL00233X', 'Maria Aguirre', 'C022'),
    ('CL00234N', 'Maria Duarte', 'C037'),
    ('CL00235S', 'Ana Ruiz', 'C028'),
    ('CL00236W', 'Hector Medina', 'C064'),
    ('CL00237S', 'Mariana Duarte', 'C008'),
    ('CL00238W', 'Laboratorio Gomez SRL', 'C014'),
    ('CL00239A', 'Servicios Medicos Sosa Servicios', 'C003'),
    ('CL00240J', 'Silvia Vega', 'C015'),
    ('CL00241I', 'Silvia Gomez', 'C017'),
    ('CL00242H', 'Roberto Rojas', 'C029'),
    ('CL00243G', 'Fernando Vera', 'C018'),
    ('CL00244O', 'Monica Gomez', 'C034'),
    ('CL00245O', 'Centro Medico Dominguez Integral', 'C048'),
    ('CL00246G', 'Julieta Dominguez', 'C038'),
    ('CL00247Y', 'Natalia Ferreyra', 'C038'),
    ('CL00248W', 'Distribuidora Ponce Servicios', 'C028'),
    ('CL00249Y', 'Centro Medico Ibarra SA', 'C035'),
    ('CL00250X', 'Instituto Farias SA', 'C050'),
    ('CL00251A', 'Instituto Medina Integral', 'C014'),
    ('CL00252L', 'Silvia Ortiz', 'C011'),
    ('CL00253L', 'Sofia Torres', 'C016'),
    ('CL00254A', 'Pedro Ruiz', 'C040'),
    ('CL00255G', 'Clinica Martinez SA', 'C020'),
    ('CL00256J', 'Sandra Gomez', 'C056'),
    ('CL00257I', 'Diego Torres', 'C029'),
    ('CL00258U', 'Carlos Duarte', 'C014'),
    ('CL00259P', 'Carlos Perez', 'C001'),
    ('CL00260H', 'Juan Vega', 'C002'),
    ('CL00261H', 'Patricia Vera', 'C041'),
    ('CL00262E', 'Fernando Farias', 'C003'),
    ('CL00263Z', 'Sandra Acosta', 'C003'),
    ('CL00264Z', 'Hector Acosta', 'C033'),
    ('CL00265C', 'Hector Molina', 'C028'),
    ('CL00266B', 'Monica Torres', 'C040'),
    ('CL00267M', 'Raul Benitez', 'C054'),
    ('CL00268T', 'Laura Farias', 'C034'),
    ('CL00269X', 'Hector Vera', 'C026'),
    ('CL00270S', 'Laura Vera', 'C003'),
    ('CL00271N', 'Centro Medico Silva Servicios', 'C033'),
    ('CL00272H', 'Instituto Duarte Servicios', 'C027'),
    ('CL00273Q', 'Instituto Silva Integral', 'C003'),
    ('CL00274K', 'Sanatorio Navarro Group', 'C020'),
    ('CL00275K', 'Silvia Godoy', 'C036'),
    ('CL00276B', 'Roberto Quiroga', 'C013'),
    ('CL00277W', 'Lucia Sanchez', 'C064'),
    ('CL00278U', 'Ana Silva', 'C019'),
    ('CL00279V', 'Hector Benitez', 'C012'),
    ('CL00280I', 'Silvia Dominguez', 'C023'),
    ('CL00281O', 'Jorge Diaz', 'C031'),
    ('CL00282G', 'Diego Benitez', 'C060'),
    ('CL00283O', 'Pablo Silva', 'C023'),
    ('CL00284M', 'Silvia Ferreyra', 'C029'),
    ('CL00285C', 'Pablo Ibarra', 'C039'),
    ('CL00286T', 'Sanatorio Gimenez SA', 'C015'),
    ('CL00287G', 'Sofia Benitez', 'C055'),
    ('CL00288L', 'Servicios Medicos Ruiz SRL', 'C001'),
    ('CL00289D', 'Sandra Cardozo', 'C021'),
    ('CL00290P', 'Valeria Acosta', 'C001'),
    ('CL00291E', 'Sanatorio Vera SRL', 'C022'),
    ('CL00292O', 'Sanatorio Gimenez Group', 'C019'),
    ('CL00293S', 'Diego Castro', 'C035'),
    ('CL00294I', 'Grupo Aguirre SRL', 'C019'),
    ('CL00295V', 'Julieta Torres', 'C052'),
    ('CL00296L', 'Daniela Medina', 'C018'),
    ('CL00297C', 'Instituto Farias Salud', 'C052'),
    ('CL00298O', 'Oscar Ferreyra', 'C028'),
    ('CL00299K', 'Jorge Quiroga', 'C005'),
    ('CL00300J', 'Silvia Ibarra', 'C025'),
    ('CL00301W', 'Natalia Godoy', 'C014'),
    ('CL00302F', 'Valeria Gomez', 'C019'),
    ('CL00303L', 'Juan Molina', 'C017'),
    ('CL00304H', 'Natalia Castro', 'C022'),
    ('CL00305T', 'Martin Torres', 'C014'),
    ('CL00306I', 'Laura Medina', 'C028'),
    ('CL00307Q', 'Clinica Godoy Group', 'C025'),
    ('CL00308M', 'Distribuidora Vera SA', 'C038'),
    ('CL00309X', 'Distribuidora Dominguez SA', 'C005'),
    ('CL00310P', 'Fernando Ibarra', 'C015'),
    ('CL00311X', 'Laura Silva', 'C005'),
    ('CL00312N', 'Natalia Silva', 'C032'),
    ('CL00313H', 'Clinica Medina Group', 'C046'),
    ('CL00314Q', 'Ana Ortiz', 'C047'),
    ('CL00315N', 'Laboratorio Ponce Integral', 'C037'),
    ('CL00316R', 'Sanatorio Dominguez SA', 'C004'),
    ('CL00317F', 'Pedro Martinez', 'C007'),
    ('CL00318K', 'Natalia Torres', 'C038'),
    ('CL00319X', 'Daniela Diaz', 'C014'),
    ('CL00320R', 'Raul Gomez', 'C048'),
    ('CL00321H', 'Servicios Medicos Castro SRL', 'C039'),
    ('CL00322F', 'Andres Vera', 'C028'),
    ('CL00323L', 'Hector Ibarra', 'C031'),
    ('CL00324S', 'Instituto Castro Servicios', 'C058'),
    ('CL00325N', 'Laboratorio Farias SA', 'C015'),
    ('CL00326J', 'Centro Medico Quiroga Servicios', 'C038'),
    ('CL00327Q', 'Jorge Ibarra', 'C013'),
    ('CL00328J', 'Jorge Ponce', 'C035'),
    ('CL00329X', 'Raul Molina', 'C065'),
    ('CL00330Z', 'Juan Navarro', 'C010'),
    ('CL00331F', 'Fernando Ortiz', 'C063'),
    ('CL00332C', 'Instituto Ferreyra Servicios', 'C007'),
    ('CL00333G', 'Diego Duarte', 'C024'),
    ('CL00334D', 'Paula Silva', 'C030'),
    ('CL00335N', 'Clinica Medina SA', 'C040'),
    ('CL00336J', 'Fernando Vega', 'C028'),
    ('CL00337Q', 'Roberto Godoy', 'C057'),
    ('CL00338X', 'Laboratorio Silva Salud', 'C036'),
    ('CL00339B', 'Distribuidora Vega Group', 'C039'),
    ('CL00340T', 'Clinica Torres SRL', 'C010'),
    ('CL00341E', 'Raul Ibarra', 'C034'),
    ('CL00342E', 'Julieta Vega', 'C022'),
    ('CL00343W', 'Sandra Medina', 'C026'),
    ('CL00344G', 'Oscar Duarte', 'C003'),
    ('CL00345D', 'Centro Medico Perez SA', 'C004'),
    ('CL00346E', 'Lucia Martinez', 'C064'),
    ('CL00347I', 'Instituto Perez Integral', 'C030'),
    ('CL00348Y', 'Valeria Farias', 'C011'),
    ('CL00349U', 'Laboratorio Quiroga SA', 'C024'),
    ('CL00350I', 'Jorge Gimenez', 'C050'),
    ('CL00351A', 'Sanatorio Gomez SRL', 'C024'),
    ('CL00352R', 'Centro Medico Ruiz Salud', 'C008'),
    ('CL00353S', 'Raul Cardozo', 'C040'),
    ('CL00354X', 'Jorge Godoy', 'C032'),
    ('CL00355B', 'Servicios Medicos Martinez SA', 'C063'),
    ('CL00356Y', 'Sofia Castro', 'C016'),
    ('CL00357O', 'Laura Aguirre', 'C061'),
    ('CL00358L', 'Patricia Perez', 'C026'),
    ('CL00359D', 'Valeria Torres', 'C030'),
    ('CL00360F', 'Clinica Ruiz Salud', 'C033'),
    ('CL00361B', 'Distribuidora Diaz Integral', 'C030'),
    ('CL00362S', 'Gabriel Aguirre', 'C016'),
    ('CL00363B', 'Servicios Medicos Quiroga Integral', 'C033'),
    ('CL00364I', 'Mariana Silva', 'C007'),
    ('CL00365J', 'Daniela Gimenez', 'C019'),
    ('CL00366H', 'Laura Vega', 'C019'),
    ('CL00367F', 'Hector Rojas', 'C005'),
    ('CL00368D', 'Servicios Medicos Ferreyra SA', 'C023'),
    ('CL00369C', 'Daniela Castro', 'C015'),
    ('CL00370G', 'Andres Ortiz', 'C008'),
    ('CL00371Y', 'Gabriel Martinez', 'C058'),
    ('CL00372M', 'Sofia Silva', 'C016'),
    ('CL00373C', 'Centro Medico Navarro SRL', 'C036'),
    ('CL00374H', 'Sanatorio Vera SRL', 'C048'),
    ('CL00375Z', 'Andres Martinez', 'C012'),
    ('CL00376P', 'Martin Gomez', 'C019'),
    ('CL00377Y', 'Monica Godoy', 'C065'),
    ('CL00378M', 'Andres Sanchez', 'C010'),
    ('CL00379Y', 'Instituto Medina Group', 'C027'),
    ('CL00380B', 'Oscar Dominguez', 'C015'),
    ('CL00381O', 'Centro Medico Acosta Servicios', 'C003'),
    ('CL00382G', 'Martin Dominguez', 'C038'),
    ('CL00383I', 'Carlos Rojas', 'C028'),
    ('CL00384Q', 'Sanatorio Vera SRL', 'C029'),
    ('CL00385C', 'Monica Dominguez', 'C015'),
    ('CL00386M', 'Centro Medico Duarte Salud', 'C032'),
    ('CL00387O', 'Valeria Ibarra', 'C001'),
    ('CL00388O', 'Grupo Ferreyra Group', 'C054'),
    ('CL00389B', 'Laboratorio Ruiz Salud', 'C017'),
    ('CL00390B', 'Carlos Sanchez', 'C031'),
    ('CL00391A', 'Laboratorio Silva SRL', 'C012'),
    ('CL00392O', 'Jorge Quiroga', 'C017'),
    ('CL00393D', 'Silvia Godoy', 'C042'),
    ('CL00394H', 'Andres Ibarra', 'C025'),
    ('CL00395I', 'Servicios Medicos Sanchez Salud', 'C036'),
    ('CL00396T', 'Raul Ibarra', 'C035'),
    ('CL00397T', 'Clinica Quiroga SA', 'C038'),
    ('CL00398U', 'Instituto Medina SA', 'C026'),
    ('CL00399V', 'Clinica Benitez SA', 'C040'),
    ('CL00400L', 'Servicios Medicos Vega Salud', 'C036'),
    ('CL00401N', 'Gabriel Farias', 'C018'),
    ('CL00402K', 'Lucia Ibarra', 'C062'),
    ('CL00403V', 'Grupo Silva Servicios', 'C050'),
    ('CL00404M', 'Laboratorio Farias SA', 'C045'),
    ('CL00405A', 'Centro Medico Gomez SA', 'C003'),
    ('CL00406D', 'Laboratorio Ortiz SA', 'C052'),
    ('CL00407Y', 'Servicios Medicos Farias Group', 'C030'),
    ('CL00408Q', 'Ana Benitez', 'C027'),
    ('CL00409Q', 'Distribuidora Farias Salud', 'C007'),
    ('CL00410A', 'Silvia Acosta', 'C019'),
    ('CL00411T', 'Juan Martinez', 'C020'),
    ('CL00412O', 'Lucia Sanchez', 'C004'),
    ('CL00413L', 'Oscar Navarro', 'C020'),
    ('CL00414C', 'Clinica Duarte SA', 'C020'),
    ('CL00415N', 'Centro Medico Vega Servicios', 'C031'),
    ('CL00416B', 'Raul Gimenez', 'C017'),
    ('CL00417X', 'Distribuidora Ibarra Group', 'C029'),
    ('CL00418L', 'Pablo Ponce', 'C009'),
    ('CL00419C', 'Sanatorio Farias Group', 'C012'),
    ('CL00420I', 'Oscar Acosta', 'C011'),
    ('CL00421X', 'Raul Navarro', 'C025'),
    ('CL00422H', 'Julieta Ponce', 'C040'),
    ('CL00423T', 'Instituto Benitez Salud', 'C018'),
    ('CL00424V', 'Patricia Farias', 'C026'),
    ('CL00425J', 'Clinica Torres Salud', 'C034'),
    ('CL00426J', 'Andres Ibarra', 'C037'),
    ('CL00427I', 'Centro Medico Perez Integral', 'C038'),
    ('CL00428Z', 'Natalia Godoy', 'C030'),
    ('CL00429A', 'Clinica Vera Integral', 'C032'),
    ('CL00430E', 'Natalia Dominguez', 'C032'),
    ('CL00431R', 'Laura Cardozo', 'C058'),
    ('CL00432A', 'Servicios Medicos Ortiz Salud', 'C054'),
    ('CL00433X', 'Oscar Farias', 'C039'),
    ('CL00434K', 'Juan Dominguez', 'C062'),
    ('CL00435X', 'Valeria Farias', 'C043'),
    ('CL00436Q', 'Valeria Ferreyra', 'C053'),
    ('CL00437E', 'Pablo Ferreyra', 'C018'),
    ('CL00438E', 'Lucia Ibarra', 'C029'),
    ('CL00439E', 'Martin Sosa', 'C024'),
    ('CL00440I', 'Grupo Navarro Group', 'C047'),
    ('CL00441A', 'Carlos Quiroga', 'C013'),
    ('CL00442Q', 'Raul Perez', 'C007'),
    ('CL00443M', 'Sandra Benitez', 'C040'),
    ('CL00444C', 'Sanatorio Vega Servicios', 'C038'),
    ('CL00445V', 'Julieta Ruiz', 'C007'),
    ('CL00446O', 'Monica Ibarra', 'C039'),
    ('CL00447C', 'Andres Martinez', 'C013'),
    ('CL00448O', 'Hector Vera', 'C009'),
    ('CL00449K', 'Andres Dominguez', 'C026'),
    ('CL00450I', 'Sanatorio Sosa SA', 'C040'),
    ('CL00451D', 'Natalia Molina', 'C019'),
    ('CL00452W', 'Jorge Farias', 'C004'),
    ('CL00453R', 'Natalia Castro', 'C009'),
    ('CL00454P', 'Pablo Benitez', 'C005'),
    ('CL00455J', 'Maria Ponce', 'C010'),
    ('CL00456N', 'Hector Cardozo', 'C019'),
    ('CL00457C', 'Grupo Dominguez Group', 'C034'),
    ('CL00458W', 'Gabriel Ortiz', 'C037'),
    ('CL00459L', 'Lucia Rojas', 'C063'),
    ('CL00460Z', 'Instituto Duarte Servicios', 'C002'),
    ('CL00461D', 'Pablo Duarte', 'C059'),
    ('CL00462V', 'Distribuidora Gimenez SRL', 'C003'),
    ('CL00463C', 'Patricia Rojas', 'C039'),
    ('CL00464D', 'Raul Navarro', 'C003'),
    ('CL00465I', 'Grupo Godoy Salud', 'C001'),
    ('CL00466O', 'Gabriel Sanchez', 'C019'),
    ('CL00467V', 'Daniela Dominguez', 'C012'),
    ('CL00468M', 'Patricia Torres', 'C013'),
    ('CL00469Y', 'Instituto Aguirre Integral', 'C049'),
    ('CL00470P', 'Diego Gimenez', 'C047'),
    ('CL00471K', 'Sanatorio Ruiz Integral', 'C002'),
    ('CL00472Q', 'Sofia Gimenez', 'C062'),
    ('CL00473N', 'Roberto Ruiz', 'C040'),
    ('CL00474G', 'Patricia Silva', 'C064'),
    ('CL00475B', 'Distribuidora Gimenez Integral', 'C043'),
    ('CL00476I', 'Pedro Godoy', 'C001'),
    ('CL00477O', 'Carlos Sosa', 'C019'),
    ('CL00478J', 'Clinica Benitez Group', 'C054'),
    ('CL00479H', 'Carlos Gomez', 'C021'),
    ('CL00480A', 'Daniela Ibarra', 'C002'),
    ('CL00481G', 'Roberto Molina', 'C003'),
    ('CL00482D', 'Hector Vega', 'C018'),
    ('CL00483B', 'Instituto Silva Servicios', 'C033'),
    ('CL00484S', 'Pedro Martinez', 'C025'),
    ('CL00485A', 'Julieta Rojas', 'C040'),
    ('CL00486R', 'Andres Aguirre', 'C006'),
    ('CL00487Z', 'Centro Medico Gimenez SA', 'C025'),
    ('CL00488C', 'Sofia Ponce', 'C019'),
    ('CL00489O', 'Sanatorio Aguirre SRL', 'C044'),
    ('CL00490X', 'Sanatorio Rojas Servicios', 'C028'),
    ('CL00491B', 'Pedro Sanchez', 'C007'),
    ('CL00492U', 'Carolina Castro', 'C042'),
    ('CL00493P', 'Laboratorio Cardozo SRL', 'C030'),
    ('CL00494P', 'Julieta Perez', 'C063'),
    ('CL00495N', 'Julieta Vega', 'C012'),
    ('CL00496Z', 'Centro Medico Ruiz SRL', 'C013'),
    ('CL00497J', 'Servicios Medicos Martinez Integral', 'C040'),
    ('CL00498O', 'Martin Vera', 'C025'),
    ('CL00499Q', 'Pablo Vera', 'C019'),
    ('CL00500Y', 'Fernando Sanchez', 'C010'),
    ('CL00501K', 'Juan Godoy', 'C058'),
    ('CL00502Z', 'Patricia Ponce', 'C019'),
    ('CL00503U', 'Laboratorio Castro Servicios', 'C013'),
    ('CL00504Y', 'Paula Aguirre', 'C007'),
    ('CL00505I', 'Sandra Duarte', 'C046'),
    ('CL00506O', 'Clinica Gomez Servicios', 'C039'),
    ('CL00507I', 'Sofia Gimenez', 'C053'),
    ('CL00508U', 'Daniela Ruiz', 'C006'),
    ('CL00509Y', 'Raul Cardozo', 'C004'),
    ('CL00510S', 'Fernando Ponce', 'C046'),
    ('CL00511Y', 'Patricia Sanchez', 'C018'),
    ('CL00512R', 'Andres Rojas', 'C040'),
    ('CL00513T', 'Clinica Cardozo Group', 'C037'),
    ('CL00514D', 'Pablo Rojas', 'C015'),
    ('CL00515U', 'Andres Ibarra', 'C058'),
    ('CL00516H', 'Carolina Diaz', 'C032'),
    ('CL00517F', 'Distribuidora Dominguez Group', 'C026'),
    ('CL00518F', 'Oscar Ponce', 'C005'),
    ('CL00519E', 'Grupo Ruiz Servicios', 'C011'),
    ('CL00520Y', 'Centro Medico Quiroga Group', 'C025'),
    ('CL00521M', 'Servicios Medicos Sanchez Salud', 'C026'),
    ('CL00522K', 'Patricia Ponce', 'C062'),
    ('CL00523O', 'Lucia Ibarra', 'C035'),
    ('CL00524W', 'Maria Gomez', 'C013'),
    ('CL00525C', 'Lucia Rojas', 'C010'),
    ('CL00526O', 'Servicios Medicos Sosa Servicios', 'C065'),
    ('CL00527P', 'Hector Castro', 'C007'),
    ('CL00528I', 'Roberto Gimenez', 'C015'),
    ('CL00529S', 'Grupo Torres Servicios', 'C033'),
    ('CL00530U', 'Clinica Rojas Salud', 'C002'),
    ('CL00531E', 'Laura Ibarra', 'C029'),
    ('CL00532W', 'Laboratorio Aguirre Servicios', 'C065'),
    ('CL00533I', 'Mariana Ibarra', 'C036'),
    ('CL00534G', 'Gabriel Acosta', 'C049'),
    ('CL00535F', 'Hector Godoy', 'C016'),
    ('CL00536H', 'Julieta Sosa', 'C045'),
    ('CL00537A', 'Paula Quiroga', 'C035'),
    ('CL00538U', 'Oscar Rojas', 'C026'),
    ('CL00539H', 'Laura Gimenez', 'C017'),
    ('CL00540C', 'Carolina Perez', 'C036'),
    ('CL00541P', 'Sanatorio Acosta Salud', 'C049'),
    ('CL00542J', 'Clinica Ponce SRL', 'C049'),
    ('CL00543L', 'Laboratorio Navarro SRL', 'C036'),
    ('CL00544C', 'Clinica Aguirre Salud', 'C036'),
    ('CL00545X', 'Carolina Cardozo', 'C058'),
    ('CL00546K', 'Pedro Medina', 'C017'),
    ('CL00547G', 'Servicios Medicos Gimenez SA', 'C015'),
    ('CL00548Y', 'Paula Silva', 'C028'),
    ('CL00549X', 'Patricia Navarro', 'C021'),
    ('CL00550W', 'Patricia Molina', 'C031'),
    ('CL00551J', 'Oscar Vega', 'C046'),
    ('CL00552V', 'Sandra Vega', 'C015'),
    ('CL00553U', 'Clinica Ortiz SA', 'C033'),
    ('CL00554L', 'Centro Medico Medina SA', 'C016'),
    ('CL00555K', 'Daniela Medina', 'C016'),
    ('CL00556P', 'Distribuidora Acosta Integral', 'C037'),
    ('CL00557F', 'Sofia Silva', 'C035'),
    ('CL00558N', 'Sandra Rojas', 'C010'),
    ('CL00559P', 'Diego Castro', 'C040'),
    ('CL00560G', 'Diego Ibarra', 'C029'),
    ('CL00561R', 'Martin Castro', 'C015'),
    ('CL00562Y', 'Grupo Medina Group', 'C023'),
    ('CL00563C', 'Sanatorio Farias Group', 'C013'),
    ('CL00564X', 'Fernando Godoy', 'C021'),
    ('CL00565T', 'Carlos Dominguez', 'C019'),
    ('CL00566E', 'Oscar Torres', 'C041'),
    ('CL00567P', 'Sanatorio Duarte Salud', 'C004'),
    ('CL00568B', 'Maria Silva', 'C004'),
    ('CL00569O', 'Sofia Ibarra', 'C055'),
    ('CL00570A', 'Diego Perez', 'C008'),
    ('CL00571Z', 'Laura Castro', 'C040'),
    ('CL00572W', 'Fernando Sosa', 'C002'),
    ('CL00573Z', 'Grupo Ponce Servicios', 'C001'),
    ('CL00574O', 'Clinica Cardozo Salud', 'C037'),
    ('CL00575D', 'Hector Molina', 'C034'),
    ('CL00576W', 'Pedro Sosa', 'C033'),
    ('CL00577W', 'Distribuidora Molina Integral', 'C038'),
    ('CL00578S', 'Grupo Aguirre Group', 'C021'),
    ('CL00579S', 'Ana Vera', 'C010'),
    ('CL00580Q', 'Mariana Farias', 'C032'),
    ('CL00581Q', 'Gabriel Ortiz', 'C054'),
    ('CL00582P', 'Patricia Rojas', 'C005'),
    ('CL00583W', 'Silvia Sanchez', 'C018'),
    ('CL00584Y', 'Julieta Martinez', 'C004'),
    ('CL00585F', 'Clinica Godoy SA', 'C013'),
    ('CL00586D', 'Carlos Diaz', 'C001'),
    ('CL00587T', 'Andres Torres', 'C016'),
    ('CL00588M', 'Carolina Godoy', 'C014'),
    ('CL00589F', 'Distribuidora Farias Integral', 'C017'),
    ('CL00590S', 'Clinica Medina SA', 'C022'),
    ('CL00591A', 'Roberto Farias', 'C037'),
    ('CL00592W', 'Lucia Torres', 'C007'),
    ('CL00593G', 'Paula Cardozo', 'C040'),
    ('CL00594P', 'Carlos Medina', 'C052'),
    ('CL00595V', 'Paula Dominguez', 'C021'),
    ('CL00596Z', 'Laura Vera', 'C027'),
    ('CL00597Y', 'Clinica Castro SA', 'C064'),
    ('CL00598U', 'Patricia Castro', 'C024'),
    ('CL00599J', 'Clinica Ferreyra Group', 'C017'),
    ('CL00600A', 'Natalia Quiroga', 'C032'),
    ('CL00601Z', 'Diego Silva', 'C011'),
    ('CL00602K', 'Oscar Torres', 'C026'),
    ('CL00603X', 'Andres Medina', 'C026'),
    ('CL00604K', 'Instituto Molina Servicios', 'C016'),
    ('CL00605B', 'Centro Medico Acosta Servicios', 'C027'),
    ('CL00606Y', 'Carlos Duarte', 'C032'),
    ('CL00607Y', 'Servicios Medicos Godoy Servicios', 'C002'),
    ('CL00608I', 'Centro Medico Navarro Group', 'C005'),
    ('CL00609J', 'Laboratorio Ponce Integral', 'C009'),
    ('CL00610K', 'Centro Medico Sosa SA', 'C054'),
    ('CL00611W', 'Valeria Silva', 'C005'),
    ('CL00612Q', 'Sanatorio Godoy Salud', 'C054'),
    ('CL00613S', 'Carlos Ferreyra', 'C036'),
    ('CL00614M', 'Sofia Cardozo', 'C062'),
    ('CL00615I', 'Laboratorio Ibarra SA', 'C029'),
    ('CL00616P', 'Servicios Medicos Sanchez SRL', 'C034'),
    ('CL00617A', 'Grupo Castro Salud', 'C032'),
    ('CL00618J', 'Paula Torres', 'C014'),
    ('CL00619U', 'Jorge Sanchez', 'C017'),
    ('CL00620J', 'Grupo Ferreyra Group', 'C024'),
    ('CL00621L', 'Monica Castro', 'C030'),
    ('CL00622O', 'Laboratorio Ortiz Salud', 'C029'),
    ('CL00623N', 'Oscar Vera', 'C003'),
    ('CL00624L', 'Natalia Duarte', 'C033'),
    ('CL00625A', 'Paula Ponce', 'C016'),
    ('CL00626S', 'Laura Duarte', 'C012'),
    ('CL00627M', 'Oscar Acosta', 'C056'),
    ('CL00628D', 'Carolina Dominguez', 'C027'),
    ('CL00629P', 'Andres Ferreyra', 'C050'),
    ('CL00630D', 'Sofia Aguirre', 'C034'),
    ('CL00631S', 'Carlos Godoy', 'C036'),
    ('CL00632Q', 'Raul Rojas', 'C024'),
    ('CL00633C', 'Clinica Gomez Group', 'C025'),
    ('CL00634L', 'Andres Diaz', 'C011'),
    ('CL00635C', 'Instituto Martinez Group', 'C062'),
    ('CL00636B', 'Clinica Vera Salud', 'C049'),
    ('CL00637W', 'Laboratorio Ponce SA', 'C016'),
    ('CL00638J', 'Grupo Godoy SA', 'C023'),
    ('CL00639M', 'Fernando Ponce', 'C028'),
    ('CL00640Y', 'Diego Rojas', 'C023'),
    ('CL00641J', 'Carlos Gomez', 'C013'),
    ('CL00642F', 'Julieta Silva', 'C022'),
    ('CL00643V', 'Pablo Sanchez', 'C013'),
    ('CL00644Z', 'Clinica Godoy Group', 'C004'),
    ('CL00645R', 'Servicios Medicos Farias Integral', 'C038'),
    ('CL00646B', 'Jorge Vega', 'C018'),
    ('CL00647G', 'Distribuidora Aguirre Group', 'C026'),
    ('CL00648Z', 'Hector Silva', 'C003'),
    ('CL00649N', 'Oscar Castro', 'C023'),
    ('CL00650N', 'Servicios Medicos Sosa SRL', 'C060'),
    ('CL00651I', 'Carlos Martinez', 'C027'),
    ('CL00652B', 'Daniela Ibarra', 'C029'),
    ('CL00653P', 'Instituto Sosa Servicios', 'C018'),
    ('CL00654A', 'Laboratorio Silva Servicios', 'C010'),
    ('CL00655F', 'Laboratorio Quiroga SA', 'C059'),
    ('CL00656X', 'Raul Gimenez', 'C027'),
    ('CL00657T', 'Mariana Gomez', 'C013'),
    ('CL00658U', 'Ana Ferreyra', 'C018'),
    ('CL00659T', 'Ana Gimenez', 'C015'),
    ('CL00660O', 'Sandra Ferreyra', 'C006'),
    ('CL00661J', 'Carlos Medina', 'C032'),
    ('CL00662G', 'Oscar Godoy', 'C028'),
    ('CL00663A', 'Grupo Vega Salud', 'C053'),
    ('CL00664K', 'Silvia Rojas', 'C010'),
    ('CL00665K', 'Fernando Gomez', 'C014'),
    ('CL00666L', 'Roberto Diaz', 'C024'),
    ('CL00667J', 'Sanatorio Gimenez Integral', 'C038'),
    ('CL00668E', 'Jorge Godoy', 'C040'),
    ('CL00669S', 'Oscar Sosa', 'C057'),
    ('CL00670D', 'Jorge Torres', 'C043'),
    ('CL00671V', 'Pablo Gimenez', 'C004'),
    ('CL00672R', 'Juan Martinez', 'C059'),
    ('CL00673R', 'Martin Perez', 'C022'),
    ('CL00674E', 'Servicios Medicos Rojas SRL', 'C018'),
    ('CL00675V', 'Sanatorio Farias SRL', 'C056'),
    ('CL00676I', 'Patricia Sanchez', 'C007'),
    ('CL00677L', 'Patricia Martinez', 'C039'),
    ('CL00678S', 'Juan Vera', 'C012'),
    ('CL00679M', 'Roberto Vega', 'C061'),
    ('CL00680V', 'Monica Sanchez', 'C020'),
    ('CL00681A', 'Pedro Navarro', 'C060'),
    ('CL00682A', 'Andres Cardozo', 'C024'),
    ('CL00683M', 'Sanatorio Navarro SRL', 'C003'),
    ('CL00684F', 'Patricia Duarte', 'C031'),
    ('CL00685B', 'Roberto Ibarra', 'C037'),
    ('CL00686J', 'Sanatorio Benitez SA', 'C021'),
    ('CL00687O', 'Clinica Ruiz Salud', 'C032'),
    ('CL00688Y', 'Sanatorio Aguirre Group', 'C017'),
    ('CL00689P', 'Hector Cardozo', 'C017'),
    ('CL00690Y', 'Ana Aguirre', 'C018'),
    ('CL00691E', 'Paula Castro', 'C050'),
    ('CL00692B', 'Juan Molina', 'C063'),
    ('CL00693R', 'Carolina Sosa', 'C061'),
    ('CL00694U', 'Carolina Sosa', 'C015'),
    ('CL00695F', 'Silvia Diaz', 'C065'),
    ('CL00696L', 'Martin Ruiz', 'C062'),
    ('CL00697A', 'Carolina Godoy', 'C013'),
    ('CL00698D', 'Valeria Torres', 'C064'),
    ('CL00699C', 'Servicios Medicos Torres Servicios', 'C033'),
    ('CL00700I', 'Hector Acosta', 'C024'),
    ('CL00701A', 'Grupo Cardozo SRL', 'C021'),
    ('CL00702G', 'Clinica Vera Salud', 'C022'),
    ('CL00703C', 'Andres Torres', 'C032'),
    ('CL00704G', 'Diego Gomez', 'C040'),
    ('CL00705T', 'Centro Medico Ruiz SA', 'C039'),
    ('CL00706R', 'Pablo Dominguez', 'C025'),
    ('CL00707T', 'Oscar Perez', 'C018'),
    ('CL00708A', 'Servicios Medicos Ibarra Integral', 'C017'),
    ('CL00709W', 'Carolina Quiroga', 'C030'),
    ('CL00710G', 'Pedro Castro', 'C033'),
    ('CL00711V', 'Raul Ortiz', 'C030'),
    ('CL00712M', 'Daniela Castro', 'C007'),
    ('CL00713L', 'Oscar Ponce', 'C006'),
    ('CL00714Z', 'Grupo Sanchez Servicios', 'C038'),
    ('CL00715F', 'Centro Medico Molina Group', 'C040'),
    ('CL00716C', 'Sofia Torres', 'C037'),
    ('CL00717I', 'Servicios Medicos Medina SA', 'C028'),
    ('CL00718H', 'Sanatorio Silva Salud', 'C007'),
    ('CL00719Z', 'Jorge Quiroga', 'C026'),
    ('CL00720E', 'Laboratorio Vera Servicios', 'C026'),
    ('CL00721F', 'Silvia Ruiz', 'C027'),
    ('CL00722H', 'Instituto Medina SA', 'C017'),
    ('CL00723C', 'Monica Gimenez', 'C054'),
    ('CL00724Y', 'Carlos Gimenez', 'C061'),
    ('CL00725W', 'Mariana Duarte', 'C065'),
    ('CL00726R', 'Sofia Gimenez', 'C008'),
    ('CL00727J', 'Monica Benitez', 'C053'),
    ('CL00728P', 'Andres Benitez', 'C065'),
    ('CL00729B', 'Laura Sanchez', 'C023'),
    ('CL00730G', 'Sandra Medina', 'C025'),
    ('CL00731O', 'Servicios Medicos Ortiz Salud', 'C019'),
    ('CL00732D', 'Martin Acosta', 'C022'),
    ('CL00733F', 'Servicios Medicos Vera SA', 'C047'),
    ('CL00734A', 'Sofia Ponce', 'C005'),
    ('CL00735E', 'Laboratorio Farias SRL', 'C016'),
    ('CL00736C', 'Mariana Torres', 'C039'),
    ('CL00737A', 'Gabriel Perez', 'C063'),
    ('CL00738L', 'Andres Farias', 'C033'),
    ('CL00739L', 'Daniela Castro', 'C002'),
    ('CL00740P', 'Paula Sosa', 'C016'),
    ('CL00741W', 'Raul Quiroga', 'C037'),
    ('CL00742Y', 'Jorge Ibarra', 'C023'),
    ('CL00743O', 'Fernando Ferreyra', 'C021'),
    ('CL00744V', 'Fernando Dominguez', 'C023'),
    ('CL00745Q', 'Distribuidora Vera SRL', 'C016'),
    ('CL00746O', 'Oscar Duarte', 'C043'),
    ('CL00747F', 'Centro Medico Diaz SRL', 'C050'),
    ('CL00748H', 'Juan Sanchez', 'C028'),
    ('CL00749A', 'Pedro Navarro', 'C024'),
    ('CL00750I', 'Gabriel Medina', 'C029'),
    ('CL00751H', 'Laboratorio Perez Servicios', 'C052'),
    ('CL00752K', 'Natalia Sanchez', 'C018'),
    ('CL00753D', 'Natalia Castro', 'C051'),
    ('CL00754D', 'Carolina Acosta', 'C007'),
    ('CL00755V', 'Pedro Martinez', 'C017'),
    ('CL00756N', 'Mariana Ortiz', 'C015'),
    ('CL00757U', 'Instituto Ferreyra Servicios', 'C022'),
    ('CL00758G', 'Clinica Vega SA', 'C036'),
    ('CL00759M', 'Andres Vega', 'C005'),
    ('CL00760J', 'Natalia Aguirre', 'C027'),
    ('CL00761N', 'Ana Vega', 'C039'),
    ('CL00762E', 'Servicios Medicos Vera Integral', 'C021'),
    ('CL00763M', 'Sofia Vega', 'C062'),
    ('CL00764Q', 'Fernando Silva', 'C010'),
    ('CL00765N', 'Sofia Ortiz', 'C040'),
    ('CL00766T', 'Pedro Farias', 'C016'),
    ('CL00767Y', 'Instituto Aguirre Salud', 'C027'),
    ('CL00768V', 'Servicios Medicos Castro SRL', 'C020'),
    ('CL00769Z', 'Carolina Ponce', 'C032'),
    ('CL00770P', 'Natalia Gomez', 'C016'),
    ('CL00771C', 'Monica Molina', 'C035'),
    ('CL00772N', 'Clinica Sosa Integral', 'C013'),
    ('CL00773Y', 'Jorge Ibarra', 'C064'),
    ('CL00774S', 'Hector Duarte', 'C003'),
    ('CL00775I', 'Carlos Dominguez', 'C029'),
    ('CL00776M', 'Pedro Rojas', 'C032'),
    ('CL00777F', 'Pedro Ortiz', 'C036'),
    ('CL00778U', 'Lucia Ponce', 'C019'),
    ('CL00779F', 'Sandra Gomez', 'C058'),
    ('CL00780Q', 'Martin Medina', 'C027'),
    ('CL00781V', 'Lucia Rojas', 'C003'),
    ('CL00782U', 'Juan Perez', 'C044'),
    ('CL00783C', 'Roberto Cardozo', 'C006'),
    ('CL00784G', 'Laura Ruiz', 'C004'),
    ('CL00785I', 'Valeria Acosta', 'C044'),
    ('CL00786F', 'Valeria Vega', 'C022'),
    ('CL00787N', 'Clinica Navarro SA', 'C007'),
    ('CL00788M', 'Carlos Martinez', 'C036'),
    ('CL00789N', 'Distribuidora Quiroga SA', 'C021'),
    ('CL00790D', 'Laboratorio Dominguez Servicios', 'C063'),
    ('CL00791O', 'Valeria Ponce', 'C009'),
    ('CL00792C', 'Distribuidora Medina Servicios', 'C038'),
    ('CL00793X', 'Fernando Dominguez', 'C025'),
    ('CL00794N', 'Carlos Diaz', 'C038'),
    ('CL00795J', 'Distribuidora Molina SA', 'C033'),
    ('CL00796V', 'Martin Dominguez', 'C022'),
    ('CL00797T', 'Carlos Castro', 'C064'),
    ('CL00798C', 'Monica Silva', 'C006'),
    ('CL00799R', 'Diego Silva', 'C003'),
    ('CL00800S', 'Sandra Benitez', 'C025'),
    ('CL00801T', 'Laboratorio Godoy Group', 'C036'),
    ('CL00802W', 'Jorge Dominguez', 'C039'),
    ('CL00803I', 'Carlos Gomez', 'C024'),
    ('CL00804U', 'Natalia Silva', 'C048'),
    ('CL00805C', 'Martin Quiroga', 'C028'),
    ('CL00806L', 'Oscar Silva', 'C054'),
    ('CL00807T', 'Laura Godoy', 'C028'),
    ('CL00808R', 'Valeria Dominguez', 'C030'),
    ('CL00809M', 'Distribuidora Aguirre Servicios', 'C024'),
    ('CL00810O', 'Valeria Silva', 'C043'),
    ('CL00811F', 'Oscar Ruiz', 'C036'),
    ('CL00812V', 'Hector Gomez', 'C029'),
    ('CL00813U', 'Diego Ponce', 'C013'),
    ('CL00814J', 'Juan Ponce', 'C011'),
    ('CL00815C', 'Sofia Cardozo', 'C026'),
    ('CL00816I', 'Gabriel Castro', 'C055'),
    ('CL00817T', 'Sandra Ruiz', 'C022'),
    ('CL00818O', 'Carlos Ibarra', 'C033'),
    ('CL00819J', 'Monica Ruiz', 'C035'),
    ('CL00820M', 'Diego Diaz', 'C055'),
    ('CL00821K', 'Sandra Torres', 'C030'),
    ('CL00822G', 'Servicios Medicos Diaz Salud', 'C039'),
    ('CL00823V', 'Grupo Perez SA', 'C035'),
    ('CL00824S', 'Centro Medico Quiroga Group', 'C040'),
    ('CL00825Q', 'Monica Benitez', 'C002'),
    ('CL00826Y', 'Centro Medico Benitez Group', 'C044'),
    ('CL00827S', 'Sanatorio Vega Group', 'C030'),
    ('CL00828F', 'Clinica Vera Servicios', 'C020'),
    ('CL00829T', 'Daniela Diaz', 'C039'),
    ('CL00830V', 'Jorge Sanchez', 'C012'),
    ('CL00831R', 'Carlos Godoy', 'C021'),
    ('CL00832Y', 'Juan Silva', 'C003'),
    ('CL00833C', 'Clinica Gimenez Salud', 'C035'),
    ('CL00834Q', 'Natalia Rojas', 'C012'),
    ('CL00835X', 'Grupo Martinez SA', 'C007'),
    ('CL00836C', 'Patricia Medina', 'C046'),
    ('CL00837M', 'Centro Medico Molina Group', 'C057'),
    ('CL00838R', 'Raul Diaz', 'C038'),
    ('CL00839R', 'Andres Ferreyra', 'C005'),
    ('CL00840N', 'Monica Torres', 'C013'),
    ('CL00841A', 'Hector Diaz', 'C021'),
    ('CL00842C', 'Sofia Ruiz', 'C061'),
    ('CL00843S', 'Pablo Ortiz', 'C018'),
    ('CL00844F', 'Hector Ferreyra', 'C040'),
    ('CL00845U', 'Carlos Martinez', 'C009'),
    ('CL00846Y', 'Distribuidora Vera Group', 'C062'),
    ('CL00847W', 'Sandra Sosa', 'C061'),
    ('CL00848S', 'Lucia Rojas', 'C039'),
    ('CL00849I', 'Centro Medico Cardozo Group', 'C032'),
    ('CL00850P', 'Daniela Torres', 'C056'),
    ('CL00851Y', 'Julieta Farias', 'C026'),
    ('CL00852Z', 'Laura Cardozo', 'C029'),
    ('CL00853F', 'Roberto Gomez', 'C039'),
    ('CL00854T', 'Laura Gomez', 'C011'),
    ('CL00855K', 'Grupo Gomez SRL', 'C010'),
    ('CL00856F', 'Natalia Godoy', 'C006'),
    ('CL00857J', 'Pedro Dominguez', 'C035'),
    ('CL00858K', 'Centro Medico Gomez Servicios', 'C001'),
    ('CL00859I', 'Patricia Duarte', 'C015'),
    ('CL00860D', 'Paula Acosta', 'C052'),
    ('CL00861M', 'Patricia Perez', 'C058'),
    ('CL00862Y', 'Raul Ibarra', 'C014'),
    ('CL00863Q', 'Maria Benitez', 'C022'),
    ('CL00864K', 'Laboratorio Silva Salud', 'C039'),
    ('CL00865A', 'Silvia Ibarra', 'C001'),
    ('CL00866D', 'Carlos Acosta', 'C029'),
    ('CL00867Y', 'Jorge Vera', 'C014'),
    ('CL00868B', 'Paula Vera', 'C037'),
    ('CL00869L', 'Gabriel Rojas', 'C019'),
    ('CL00870O', 'Raul Rojas', 'C023'),
    ('CL00871L', 'Sandra Aguirre', 'C032'),
    ('CL00872V', 'Pablo Ruiz', 'C001'),
    ('CL00873K', 'Distribuidora Farias SRL', 'C057'),
    ('CL00874A', 'Centro Medico Godoy Salud', 'C003'),
    ('CL00875L', 'Grupo Godoy Group', 'C022'),
    ('CL00876Z', 'Servicios Medicos Silva Servicios', 'C015'),
    ('CL00877X', 'Martin Duarte', 'C024'),
    ('CL00878A', 'Patricia Cardozo', 'C011'),
    ('CL00879R', 'Martin Ortiz', 'C004'),
    ('CL00880N', 'Roberto Quiroga', 'C006'),
    ('CL00881C', 'Sanatorio Ruiz Group', 'C020'),
    ('CL00882H', 'Daniela Medina', 'C006'),
    ('CL00883W', 'Roberto Castro', 'C060'),
    ('CL00884J', 'Patricia Diaz', 'C011'),
    ('CL00885P', 'Jorge Cardozo', 'C038'),
    ('CL00886L', 'Instituto Aguirre Servicios', 'C057'),
    ('CL00887O', 'Oscar Medina', 'C016'),
    ('CL00888T', 'Distribuidora Molina Integral', 'C020'),
    ('CL00889Y', 'Mariana Diaz', 'C008'),
    ('CL00890E', 'Valeria Gimenez', 'C007'),
    ('CL00891Z', 'Daniela Gomez', 'C040'),
    ('CL00892S', 'Pedro Duarte', 'C022'),
    ('CL00893T', 'Sandra Ponce', 'C027'),
    ('CL00894S', 'Julieta Dominguez', 'C021'),
    ('CL00895K', 'Julieta Castro', 'C031'),
    ('CL00896A', 'Julieta Ferreyra', 'C016'),
    ('CL00897X', 'Grupo Ponce Group', 'C020'),
    ('CL00898B', 'Clinica Gomez SRL', 'C020'),
    ('CL00899C', 'Centro Medico Farias SRL', 'C012'),
    ('CL00900C', 'Pedro Duarte', 'C060'),
    ('CL00901U', 'Carolina Ortiz', 'C006'),
    ('CL00902V', 'Julieta Quiroga', 'C015'),
    ('CL00903G', 'Lucia Rojas', 'C014'),
    ('CL00904J', 'Carlos Duarte', 'C031'),
    ('CL00905M', 'Servicios Medicos Torres Integral', 'C025'),
    ('CL00906G', 'Servicios Medicos Medina Group', 'C009'),
    ('CL00907A', 'Carolina Sosa', 'C042'),
    ('CL00908Q', 'Clinica Dominguez Group', 'C005'),
    ('CL00909N', 'Monica Godoy', 'C001'),
    ('CL00910F', 'Andres Aguirre', 'C048'),
    ('CL00911R', 'Jorge Torres', 'C025'),
    ('CL00912A', 'Pedro Ferreyra', 'C029'),
    ('CL00913B', 'Clinica Cardozo Integral', 'C036'),
    ('CL00914N', 'Martin Sanchez', 'C009'),
    ('CL00915R', 'Grupo Torres SRL', 'C021'),
    ('CL00916N', 'Clinica Ortiz Servicios', 'C003'),
    ('CL00917K', 'Silvia Rojas', 'C017'),
    ('CL00918L', 'Hector Sanchez', 'C007'),
    ('CL00919Z', 'Martin Dominguez', 'C012'),
    ('CL00920E', 'Carolina Gomez', 'C018'),
    ('CL00921Y', 'Ana Gimenez', 'C040'),
    ('CL00922E', 'Instituto Sosa Servicios', 'C028'),
    ('CL00923F', 'Paula Rojas', 'C020'),
    ('CL00924K', 'Jorge Vega', 'C006'),
    ('CL00925W', 'Servicios Medicos Vera SRL', 'C023'),
    ('CL00926J', 'Silvia Quiroga', 'C030'),
    ('CL00927P', 'Grupo Ortiz SA', 'C002'),
    ('CL00928I', 'Distribuidora Gomez Integral', 'C040'),
    ('CL00929D', 'Laboratorio Gomez Servicios', 'C015'),
    ('CL00930W', 'Hector Gomez', 'C037'),
    ('CL00931R', 'Grupo Cardozo Group', 'C036'),
    ('CL00932D', 'Gabriel Medina', 'C010'),
    ('CL00933D', 'Servicios Medicos Ibarra Integral', 'C020'),
    ('CL00934G', 'Servicios Medicos Ibarra Servicios', 'C014'),
    ('CL00935W', 'Grupo Castro SRL', 'C013'),
    ('CL00936R', 'Martin Ponce', 'C024'),
    ('CL00937G', 'Silvia Acosta', 'C015'),
    ('CL00938F', 'Lucia Farias', 'C012'),
    ('CL00939R', 'Sandra Quiroga', 'C032'),
    ('CL00940G', 'Pablo Duarte', 'C033'),
    ('CL00941K', 'Jorge Ibarra', 'C008'),
    ('CL00942P', 'Instituto Duarte SA', 'C057'),
    ('CL00943X', 'Carolina Dominguez', 'C036'),
    ('CL00944V', 'Patricia Benitez', 'C011'),
    ('CL00945A', 'Fernando Godoy', 'C021'),
    ('CL00946G', 'Martin Perez', 'C020'),
    ('CL00947H', 'Centro Medico Acosta Servicios', 'C040'),
    ('CL00948C', 'Diego Vega', 'C039'),
    ('CL00949L', 'Ana Martinez', 'C007'),
    ('CL00950K', 'Carlos Farias', 'C055'),
    ('CL00951F', 'Paula Rojas', 'C003'),
    ('CL00952P', 'Oscar Molina', 'C014'),
    ('CL00953F', 'Daniela Silva', 'C042'),
    ('CL00954I', 'Lucia Silva', 'C042'),
    ('CL00955Z', 'Gabriel Medina', 'C025'),
    ('CL00956K', 'Hector Acosta', 'C036'),
    ('CL00957J', 'Ana Ibarra', 'C027'),
    ('CL00958U', 'Monica Ferreyra', 'C001'),
    ('CL00959J', 'Carlos Ortiz', 'C055'),
    ('CL00960V', 'Servicios Medicos Dominguez Salud', 'C039'),
    ('CL00961E', 'Sandra Martinez', 'C008'),
    ('CL00962T', 'Gabriel Benitez', 'C028'),
    ('CL00963W', 'Pablo Gimenez', 'C004'),
    ('CL00964Y', 'Laura Gimenez', 'C007'),
    ('CL00965T', 'Centro Medico Sanchez Servicios', 'C013'),
    ('CL00966T', 'Laura Duarte', 'C018'),
    ('CL00967X', 'Sanatorio Dominguez Integral', 'C041'),
    ('CL00968D', 'Martin Duarte', 'C012'),
    ('CL00969J', 'Natalia Silva', 'C026'),
    ('CL00970X', 'Instituto Quiroga Servicios', 'C015'),
    ('CL00971R', 'Servicios Medicos Ruiz Group', 'C029'),
    ('CL00972V', 'Monica Navarro', 'C041'),
    ('CL00973A', 'Jorge Ferreyra', 'C029'),
    ('CL00974T', 'Sanatorio Farias Group', 'C003'),
    ('CL00975X', 'Natalia Ibarra', 'C007'),
    ('CL00976B', 'Fernando Ortiz', 'C006'),
    ('CL00977T', 'Diego Perez', 'C004'),
    ('CL00978J', 'Oscar Ponce', 'C016'),
    ('CL00979I', 'Maria Acosta', 'C024'),
    ('CL00980H', 'Lucia Ruiz', 'C034'),
    ('CL00981U', 'Laura Quiroga', 'C034'),
    ('CL00982S', 'Fernando Vega', 'C004'),
    ('CL00983T', 'Lucia Martinez', 'C059'),
    ('CL00984Z', 'Silvia Navarro', 'C032'),
    ('CL00985M', 'Paula Martinez', 'C017'),
    ('CL00986B', 'Julieta Quiroga', 'C017'),
    ('CL00987C', 'Laboratorio Diaz Salud', 'C006'),
    ('CL00988U', 'Lucia Castro', 'C064'),
    ('CL00989N', 'Carlos Cardozo', 'C030'),
    ('CL00990M', 'Jorge Cardozo', 'C030'),
    ('CL00991S', 'Clinica Dominguez SRL', 'C008'),
    ('CL00992S', 'Instituto Quiroga SRL', 'C021'),
    ('CL00993C', 'Carolina Silva', 'C016'),
    ('CL00994J', 'Mariana Cardozo', 'C011'),
    ('CL00995N', 'Natalia Sanchez', 'C003'),
    ('CL00996V', 'Sanatorio Acosta Salud', 'C050'),
    ('CL00997X', 'Daniela Ortiz', 'C016'),
    ('CL00998X', 'Oscar Ponce', 'C050'),
    ('CL00999O', 'Pedro Martinez', 'C042'),
    ('CL01000Y', 'Natalia Torres', 'C053'),
    ('CL01001G', 'Centro Medico Farias Salud', 'C011'),
    ('CL01002K', 'Patricia Ruiz', 'C015'),
    ('CL01003M', 'Laboratorio Torres SA', 'C033'),
    ('CL01004X', 'Silvia Duarte', 'C006'),
    ('CL01005R', 'Natalia Silva', 'C027'),
    ('CL01006X', 'Sofia Gomez', 'C016'),
    ('CL01007E', 'Lucia Ruiz', 'C054'),
    ('CL01008I', 'Carlos Perez', 'C033'),
    ('CL01009L', 'Diego Silva', 'C056'),
    ('CL01010Z', 'Patricia Duarte', 'C027'),
    ('CL01011O', 'Silvia Vera', 'C030'),
    ('CL01012Q', 'Gabriel Godoy', 'C015'),
    ('CL01013P', 'Grupo Vera Integral', 'C026'),
    ('CL01014C', 'Oscar Rojas', 'C024'),
    ('CL01015I', 'Lucia Gomez', 'C005'),
    ('CL01016C', 'Grupo Diaz SA', 'C010'),
    ('CL01017R', 'Ana Ferreyra', 'C031'),
    ('CL01018O', 'Hector Duarte', 'C012'),
    ('CL01019Z', 'Roberto Godoy', 'C018'),
    ('CL01020C', 'Oscar Farias', 'C034'),
    ('CL01021G', 'Silvia Molina', 'C014'),
    ('CL01022E', 'Mariana Gimenez', 'C040'),
    ('CL01023A', 'Andres Gomez', 'C028'),
    ('CL01024C', 'Grupo Ponce Servicios', 'C058'),
    ('CL01025U', 'Maria Gimenez', 'C060'),
    ('CL01026Y', 'Roberto Cardozo', 'C034'),
    ('CL01027T', 'Instituto Dominguez SRL', 'C016'),
    ('CL01028D', 'Silvia Cardozo', 'C002'),
    ('CL01029J', 'Jorge Dominguez', 'C039'),
    ('CL01030W', 'Monica Gimenez', 'C003'),
    ('CL01031U', 'Laura Dominguez', 'C028'),
    ('CL01032H', 'Sandra Vera', 'C065'),
    ('CL01033J', 'Carolina Godoy', 'C027'),
    ('CL01034H', 'Mariana Sosa', 'C026'),
    ('CL01035G', 'Clinica Gomez SA', 'C005'),
    ('CL01036B', 'Paula Farias', 'C010'),
    ('CL01037K', 'Hector Farias', 'C062'),
    ('CL01038Z', 'Instituto Navarro SRL', 'C002'),
    ('CL01039M', 'Servicios Medicos Ferreyra Group', 'C009'),
    ('CL01040I', 'Centro Medico Torres Salud', 'C001'),
    ('CL01041A', 'Carlos Martinez', 'C016'),
    ('CL01042A', 'Diego Acosta', 'C022'),
    ('CL01043V', 'Maria Godoy', 'C031'),
    ('CL01044O', 'Servicios Medicos Ruiz SRL', 'C007'),
    ('CL01045W', 'Distribuidora Silva Servicios', 'C027'),
    ('CL01046Z', 'Centro Medico Sanchez SA', 'C009'),
    ('CL01047C', 'Servicios Medicos Medina Servicios', 'C003'),
    ('CL01048K', 'Monica Martinez', 'C006'),
    ('CL01049O', 'Sanatorio Ortiz SA', 'C034'),
    ('CL01050N', 'Pablo Martinez', 'C020'),
    ('CL01051K', 'Mariana Duarte', 'C060'),
    ('CL01052C', 'Gabriel Duarte', 'C006'),
    ('CL01053U', 'Jorge Vera', 'C001'),
    ('CL01054M', 'Julieta Ferreyra', 'C014'),
    ('CL01055S', 'Laura Vega', 'C018'),
    ('CL01056Y', 'Instituto Vera Integral', 'C055'),
    ('CL01057P', 'Diego Torres', 'C061'),
    ('CL01058U', 'Valeria Sanchez', 'C015'),
    ('CL01059S', 'Monica Silva', 'C008'),
    ('CL01060J', 'Jorge Gomez', 'C003'),
    ('CL01061K', 'Distribuidora Ferreyra SA', 'C018'),
    ('CL01062F', 'Laboratorio Medina Group', 'C028'),
    ('CL01063T', 'Instituto Duarte Servicios', 'C040'),
    ('CL01064G', 'Patricia Benitez', 'C006'),
    ('CL01065D', 'Hector Ortiz', 'C010'),
    ('CL01066A', 'Martin Ortiz', 'C009'),
    ('CL01067G', 'Julieta Godoy', 'C010'),
    ('CL01068M', 'Sanatorio Dominguez SA', 'C028'),
    ('CL01069L', 'Natalia Martinez', 'C051'),
    ('CL01070J', 'Raul Vera', 'C026'),
    ('CL01071J', 'Ana Castro', 'C031'),
    ('CL01072S', 'Hector Rojas', 'C032'),
    ('CL01073X', 'Carolina Sanchez', 'C029'),
    ('CL01074Q', 'Pablo Duarte', 'C025'),
    ('CL01075N', 'Valeria Martinez', 'C003'),
    ('CL01076T', 'Sanatorio Quiroga SRL', 'C009'),
    ('CL01077A', 'Monica Acosta', 'C014'),
    ('CL01078J', 'Juan Acosta', 'C014'),
    ('CL01079X', 'Mariana Molina', 'C033'),
    ('CL01080Y', 'Mariana Martinez', 'C016'),
    ('CL01081P', 'Laura Medina', 'C026'),
    ('CL01082M', 'Sanatorio Ibarra SA', 'C028'),
    ('CL01083K', 'Carolina Ibarra', 'C057'),
    ('CL01084D', 'Fernando Ruiz', 'C007'),
    ('CL01085P', 'Carlos Dominguez', 'C025'),
    ('CL01086Y', 'Carlos Medina', 'C041'),
    ('CL01087S', 'Ana Sosa', 'C052'),
    ('CL01088A', 'Patricia Diaz', 'C015'),
    ('CL01089R', 'Natalia Aguirre', 'C049'),
    ('CL01090W', 'Instituto Godoy Servicios', 'C040'),
    ('CL01091P', 'Juan Navarro', 'C012'),
    ('CL01092R', 'Gabriel Ibarra', 'C026'),
    ('CL01093O', 'Laboratorio Ibarra Servicios', 'C063'),
    ('CL01094Q', 'Lucia Torres', 'C040'),
    ('CL01095U', 'Paula Vega', 'C006'),
    ('CL01096B', 'Instituto Silva Integral', 'C036'),
    ('CL01097J', 'Ana Ponce', 'C030'),
    ('CL01098Y', 'Raul Dominguez', 'C019'),
    ('CL01099O', 'Carolina Godoy', 'C019'),
    ('CL01100S', 'Silvia Navarro', 'C017'),
    ('CL01101I', 'Lucia Ruiz', 'C058'),
    ('CL01102N', 'Maria Dominguez', 'C035'),
    ('CL01103S', 'Julieta Ortiz', 'C045'),
    ('CL01104Y', 'Centro Medico Sosa Group', 'C028'),
    ('CL01105T', 'Sanatorio Rojas Group', 'C023'),
    ('CL01106U', 'Patricia Diaz', 'C020'),
    ('CL01107Z', 'Sofia Acosta', 'C019'),
    ('CL01108H', 'Ana Rojas', 'C040'),
    ('CL01109J', 'Sofia Torres', 'C002'),
    ('CL01110O', 'Martin Rojas', 'C016'),
    ('CL01111S', 'Servicios Medicos Martinez SA', 'C057'),
    ('CL01112M', 'Carolina Torres', 'C022'),
    ('CL01113E', 'Servicios Medicos Medina Salud', 'C004'),
    ('CL01114K', 'Patricia Navarro', 'C028'),
    ('CL01115T', 'Clinica Quiroga Integral', 'C034'),
    ('CL01116V', 'Grupo Sosa Integral', 'C039'),
    ('CL01117Y', 'Lucia Diaz', 'C019'),
    ('CL01118Z', 'Valeria Gimenez', 'C057'),
    ('CL01119A', 'Gabriel Ibarra', 'C051'),
    ('CL01120N', 'Gabriel Aguirre', 'C027'),
    ('CL01121W', 'Hector Perez', 'C032'),
    ('CL01122S', 'Maria Ruiz', 'C027'),
    ('CL01123P', 'Mariana Molina', 'C013'),
    ('CL01124K', 'Centro Medico Duarte Servicios', 'C031'),
    ('CL01125P', 'Sandra Castro', 'C023'),
    ('CL01126B', 'Silvia Martinez', 'C026'),
    ('CL01127C', 'Instituto Acosta Salud', 'C026'),
    ('CL01128D', 'Ana Perez', 'C014'),
    ('CL01129X', 'Paula Godoy', 'C049'),
    ('CL01130L', 'Sandra Duarte', 'C028'),
    ('CL01131E', 'Valeria Ruiz', 'C014'),
    ('CL01132T', 'Sanatorio Ibarra SRL', 'C033'),
    ('CL01133M', 'Gabriel Dominguez', 'C001'),
    ('CL01134A', 'Hector Cardozo', 'C039'),
    ('CL01135I', 'Lucia Sanchez', 'C001'),
    ('CL01136U', 'Lucia Godoy', 'C033'),
    ('CL01137N', 'Daniela Duarte', 'C013'),
    ('CL01138X', 'Natalia Benitez', 'C019'),
    ('CL01139V', 'Distribuidora Perez Servicios', 'C014'),
    ('CL01140X', 'Sanatorio Dominguez Integral', 'C032'),
    ('CL01141Z', 'Andres Sosa', 'C039'),
    ('CL01142T', 'Juan Acosta', 'C001'),
    ('CL01143R', 'Centro Medico Navarro SRL', 'C025'),
    ('CL01144N', 'Daniela Torres', 'C049'),
    ('CL01145H', 'Gabriel Sanchez', 'C009'),
    ('CL01146I', 'Instituto Vera SRL', 'C048'),
    ('CL01147B', 'Mariana Quiroga', 'C001'),
    ('CL01148K', 'Juan Sanchez', 'C042'),
    ('CL01149Q', 'Instituto Ruiz Group', 'C026'),
    ('CL01150Z', 'Pablo Acosta', 'C018'),
    ('CL01151H', 'Laboratorio Godoy SRL', 'C010'),
    ('CL01152Q', 'Lucia Godoy', 'C011'),
    ('CL01153E', 'Servicios Medicos Perez Group', 'C060'),
    ('CL01154O', 'Laboratorio Quiroga SRL', 'C036'),
    ('CL01155H', 'Distribuidora Gimenez SRL', 'C064'),
    ('CL01156E', 'Carlos Godoy', 'C015'),
    ('CL01157O', 'Jorge Vega', 'C033'),
    ('CL01158Y', 'Distribuidora Godoy Servicios', 'C026'),
    ('CL01159Z', 'Instituto Ruiz Salud', 'C003'),
    ('CL01160E', 'Instituto Gomez SA', 'C030'),
    ('CL01161S', 'Raul Quiroga', 'C030'),
    ('CL01162P', 'Martin Gomez', 'C009'),
    ('CL01163I', 'Oscar Quiroga', 'C040'),
    ('CL01164H', 'Instituto Ortiz Group', 'C016'),
    ('CL01165L', 'Patricia Rojas', 'C039'),
    ('CL01166T', 'Daniela Vega', 'C008'),
    ('CL01167J', 'Distribuidora Rojas Integral', 'C006'),
    ('CL01168C', 'Servicios Medicos Sanchez SRL', 'C033'),
    ('CL01169Q', 'Grupo Ibarra SA', 'C048'),
    ('CL01170M', 'Fernando Vega', 'C063'),
    ('CL01171F', 'Paula Diaz', 'C032'),
    ('CL01172G', 'Monica Silva', 'C007'),
    ('CL01173O', 'Jorge Quiroga', 'C035'),
    ('CL01174R', 'Grupo Ruiz Group', 'C061'),
    ('CL01175B', 'Sofia Torres', 'C029'),
    ('CL01176G', 'Silvia Benitez', 'C044'),
    ('CL01177P', 'Fernando Ponce', 'C040'),
    ('CL01178Y', 'Julieta Medina', 'C033'),
    ('CL01179H', 'Valeria Silva', 'C065'),
    ('CL01180I', 'Silvia Benitez', 'C024'),
    ('CL01181T', 'Paula Rojas', 'C058'),
    ('CL01182Q', 'Silvia Sanchez', 'C016'),
    ('CL01183B', 'Martin Gomez', 'C029'),
    ('CL01184X', 'Diego Martinez', 'C010'),
    ('CL01185Q', 'Sanatorio Gimenez Servicios', 'C053'),
    ('CL01186N', 'Pedro Sosa', 'C022'),
    ('CL01187P', 'Centro Medico Ortiz Salud', 'C027'),
    ('CL01188V', 'Servicios Medicos Gomez Group', 'C013'),
    ('CL01189K', 'Julieta Cardozo', 'C007'),
    ('CL01190D', 'Servicios Medicos Gomez Integral', 'C021'),
    ('CL01191S', 'Distribuidora Sosa Servicios', 'C001'),
    ('CL01192T', 'Oscar Ortiz', 'C005'),
    ('CL01193T', 'Ana Sanchez', 'C029'),
    ('CL01194B', 'Diego Silva', 'C037'),
    ('CL01195N', 'Distribuidora Dominguez SA', 'C058'),
    ('CL01196K', 'Julieta Ferreyra', 'C018'),
    ('CL01197A', 'Sandra Ortiz', 'C017'),
    ('CL01198F', 'Carlos Medina', 'C019'),
    ('CL01199B', 'Hector Acosta', 'C033'),
    ('CL01200Z', 'Mariana Castro', 'C007'),
    ('CL01201D', 'Silvia Benitez', 'C025'),
    ('CL01202O', 'Sanatorio Ferreyra SA', 'C063'),
    ('CL01203G', 'Monica Benitez', 'C059'),
    ('CL01204I', 'Carolina Sosa', 'C055'),
    ('CL01205T', 'Silvia Navarro', 'C044'),
    ('CL01206N', 'Sofia Ponce', 'C010'),
    ('CL01207W', 'Diego Cardozo', 'C022'),
    ('CL01208W', 'Fernando Godoy', 'C022'),
    ('CL01209J', 'Carlos Ferreyra', 'C017'),
    ('CL01210Z', 'Instituto Ponce Integral', 'C062'),
    ('CL01211U', 'Instituto Ibarra Salud', 'C034'),
    ('CL01212E', 'Oscar Martinez', 'C020'),
    ('CL01213C', 'Grupo Castro SA', 'C002'),
    ('CL01214F', 'Grupo Vera SRL', 'C020'),
    ('CL01215I', 'Servicios Medicos Vera Group', 'C024'),
    ('CL01216H', 'Roberto Vega', 'C004'),
    ('CL01217P', 'Fernando Ruiz', 'C037'),
    ('CL01218X', 'Monica Vera', 'C026'),
    ('CL01219W', 'Maria Medina', 'C010'),
    ('CL01220J', 'Instituto Acosta Group', 'C022'),
    ('CL01221D', 'Laura Benitez', 'C023'),
    ('CL01222G', 'Gabriel Sosa', 'C020'),
    ('CL01223C', 'Monica Dominguez', 'C029'),
    ('CL01224B', 'Mariana Duarte', 'C024'),
    ('CL01225N', 'Roberto Ibarra', 'C024'),
    ('CL01226U', 'Hector Acosta', 'C027'),
    ('CL01227D', 'Pablo Ponce', 'C001'),
    ('CL01228M', 'Distribuidora Quiroga Servicios', 'C008'),
    ('CL01229D', 'Silvia Quiroga', 'C035'),
    ('CL01230O', 'Laboratorio Ibarra SRL', 'C053'),
    ('CL01231U', 'Clinica Diaz SRL', 'C010'),
    ('CL01232W', 'Laura Vera', 'C035'),
    ('CL01233N', 'Jorge Torres', 'C021'),
    ('CL01234E', 'Laboratorio Sanchez Servicios', 'C006'),
    ('CL01235V', 'Laboratorio Ruiz Group', 'C033'),
    ('CL01236I', 'Sanatorio Ponce Integral', 'C048'),
    ('CL01237H', 'Paula Navarro', 'C025'),
    ('CL01238G', 'Hector Dominguez', 'C029'),
    ('CL01239A', 'Laura Benitez', 'C054'),
    ('CL01240O', 'Patricia Gomez', 'C006'),
    ('CL01241E', 'Grupo Sanchez Servicios', 'C065'),
    ('CL01242V', 'Valeria Torres', 'C016'),
    ('CL01243Y', 'Sanatorio Ferreyra Group', 'C010'),
    ('CL01244Y', 'Fernando Molina', 'C023'),
    ('CL01245X', 'Servicios Medicos Gomez SRL', 'C015'),
    ('CL01246F', 'Juan Benitez', 'C015'),
    ('CL01247Y', 'Monica Rojas', 'C011'),
    ('CL01248L', 'Carolina Sanchez', 'C050'),
    ('CL01249F', 'Patricia Martinez', 'C017'),
    ('CL01250K', 'Laboratorio Castro Integral', 'C018'),
    ('CL01251X', 'Instituto Ortiz SA', 'C050'),
    ('CL01252A', 'Gabriel Castro', 'C025'),
    ('CL01253W', 'Julieta Ortiz', 'C012'),
    ('CL01254J', 'Pablo Vega', 'C029'),
    ('CL01255D', 'Jorge Ibarra', 'C019'),
    ('CL01256M', 'Gabriel Navarro', 'C017'),
    ('CL01257H', 'Centro Medico Gimenez SA', 'C044'),
    ('CL01258G', 'Sandra Martinez', 'C022'),
    ('CL01259U', 'Jorge Martinez', 'C001'),
    ('CL01260J', 'Pedro Dominguez', 'C060'),
    ('CL01261I', 'Natalia Quiroga', 'C002'),
    ('CL01262J', 'Oscar Vega', 'C007'),
    ('CL01263Z', 'Hector Silva', 'C043'),
    ('CL01264D', 'Mariana Rojas', 'C052'),
    ('CL01265Q', 'Sanatorio Diaz SRL', 'C002'),
    ('CL01266I', 'Andres Aguirre', 'C016'),
    ('CL01267M', 'Distribuidora Ibarra Group', 'C053'),
    ('CL01268B', 'Fernando Ortiz', 'C048'),
    ('CL01269D', 'Grupo Ibarra Integral', 'C020'),
    ('CL01270N', 'Valeria Sanchez', 'C011'),
    ('CL01271E', 'Carlos Aguirre', 'C006'),
    ('CL01272T', 'Martin Vega', 'C025'),
    ('CL01273T', 'Laura Godoy', 'C027'),
    ('CL01274R', 'Martin Aguirre', 'C050'),
    ('CL01275T', 'Pedro Duarte', 'C029'),
    ('CL01276Y', 'Martin Gomez', 'C015'),
    ('CL01277G', 'Jorge Aguirre', 'C009'),
    ('CL01278D', 'Instituto Ponce Salud', 'C026'),
    ('CL01279I', 'Natalia Vega', 'C003'),
    ('CL01280Y', 'Martin Diaz', 'C036'),
    ('CL01281X', 'Martin Ponce', 'C057'),
    ('CL01282H', 'Pedro Ortiz', 'C001'),
    ('CL01283D', 'Ana Aguirre', 'C021'),
    ('CL01284B', 'Laboratorio Ponce Integral', 'C061'),
    ('CL01285I', 'Carolina Sanchez', 'C017'),
    ('CL01286I', 'Pedro Quiroga', 'C022'),
    ('CL01287C', 'Clinica Quiroga Servicios', 'C011'),
    ('CL01288R', 'Instituto Perez Integral', 'C027'),
    ('CL01289H', 'Sofia Castro', 'C031'),
    ('CL01290K', 'Carlos Silva', 'C006'),
    ('CL01291X', 'Clinica Vera Servicios', 'C018'),
    ('CL01292T', 'Gabriel Ponce', 'C038'),
    ('CL01293Z', 'Silvia Ibarra', 'C046'),
    ('CL01294K', 'Pablo Farias', 'C056'),
    ('CL01295H', 'Oscar Vega', 'C022'),
    ('CL01296H', 'Carolina Benitez', 'C035'),
    ('CL01297N', 'Jorge Ferreyra', 'C049'),
    ('CL01298O', 'Daniela Vega', 'C033'),
    ('CL01299V', 'Martin Godoy', 'C007'),
    ('CL01300I', 'Oscar Ruiz', 'C065'),
    ('CL01301R', 'Natalia Godoy', 'C017'),
    ('CL01302P', 'Julieta Medina', 'C034'),
    ('CL01303V', 'Laboratorio Molina Servicios', 'C027'),
    ('CL01304W', 'Clinica Silva Salud', 'C024'),
    ('CL01305S', 'Paula Martinez', 'C036'),
    ('CL01306W', 'Pablo Godoy', 'C043'),
    ('CL01307U', 'Laboratorio Sanchez SRL', 'C030'),
    ('CL01308Y', 'Monica Gimenez', 'C016'),
    ('CL01309P', 'Sanatorio Duarte Group', 'C060'),
    ('CL01310I', 'Carlos Martinez', 'C016'),
    ('CL01311B', 'Instituto Castro Servicios', 'C005'),
    ('CL01312Q', 'Roberto Duarte', 'C048'),
    ('CL01313Q', 'Silvia Quiroga', 'C017'),
    ('CL01314J', 'Clinica Ibarra Integral', 'C021'),
    ('CL01315D', 'Valeria Martinez', 'C024'),
    ('CL01316F', 'Julieta Gimenez', 'C064'),
    ('CL01317O', 'Juan Benitez', 'C014'),
    ('CL01318Q', 'Pablo Perez', 'C032'),
    ('CL01319C', 'Instituto Quiroga SA', 'C031'),
    ('CL01320S', 'Roberto Cardozo', 'C023'),
    ('CL01321H', 'Daniela Vega', 'C037'),
    ('CL01322H', 'Paula Ibarra', 'C011'),
    ('CL01323V', 'Mariana Vega', 'C031'),
    ('CL01324D', 'Sofia Ponce', 'C063'),
    ('CL01325J', 'Sanatorio Sosa Salud', 'C050'),
    ('CL01326E', 'Gabriel Dominguez', 'C001'),
    ('CL01327P', 'Paula Sosa', 'C040'),
    ('CL01328G', 'Roberto Vega', 'C045'),
    ('CL01329S', 'Natalia Diaz', 'C028'),
    ('CL01330G', 'Valeria Castro', 'C059'),
    ('CL01331I', 'Maria Navarro', 'C056'),
    ('CL01332D', 'Sanatorio Ponce Group', 'C015'),
    ('CL01333R', 'Roberto Ferreyra', 'C064'),
    ('CL01334O', 'Mariana Godoy', 'C035'),
    ('CL01335U', 'Pedro Ortiz', 'C031'),
    ('CL01336H', 'Sanatorio Benitez Servicios', 'C048'),
    ('CL01337K', 'Monica Ponce', 'C002'),
    ('CL01338W', 'Clinica Vega SA', 'C011'),
    ('CL01339Z', 'Sanatorio Torres SRL', 'C039'),
    ('CL01340M', 'Pablo Martinez', 'C046'),
    ('CL01341E', 'Instituto Rojas Group', 'C010'),
    ('CL01342M', 'Sofia Benitez', 'C027'),
    ('CL01343Q', 'Natalia Diaz', 'C006'),
    ('CL01344I', 'Sofia Ortiz', 'C002'),
    ('CL01345X', 'Distribuidora Diaz Salud', 'C022'),
    ('CL01346R', 'Laura Vega', 'C018'),
    ('CL01347Z', 'Fernando Torres', 'C020'),
    ('CL01348B', 'Paula Gomez', 'C062'),
    ('CL01349M', 'Fernando Vega', 'C062'),
    ('CL01350O', 'Laboratorio Farias SA', 'C036'),
    ('CL01351J', 'Andres Cardozo', 'C005'),
    ('CL01352O', 'Mariana Sanchez', 'C023'),
    ('CL01353U', 'Lucia Diaz', 'C020'),
    ('CL01354X', 'Servicios Medicos Medina Servicios', 'C017'),
    ('CL01355J', 'Fernando Dominguez', 'C012'),
    ('CL01356N', 'Fernando Acosta', 'C037'),
    ('CL01357T', 'Diego Ponce', 'C063'),
    ('CL01358X', 'Natalia Navarro', 'C026'),
    ('CL01359G', 'Distribuidora Acosta Group', 'C027'),
    ('CL01360U', 'Silvia Cardozo', 'C032'),
    ('CL01361E', 'Clinica Ibarra Integral', 'C014'),
    ('CL01362P', 'Distribuidora Castro SRL', 'C059'),
    ('CL01363O', 'Jorge Aguirre', 'C022'),
    ('CL01364X', 'Pedro Silva', 'C047'),
    ('CL01365E', 'Servicios Medicos Cardozo Integral', 'C028'),
    ('CL01366Z', 'Martin Perez', 'C001'),
    ('CL01367Z', 'Distribuidora Cardozo Integral', 'C025'),
    ('CL01368I', 'Andres Rojas', 'C055'),
    ('CL01369I', 'Sanatorio Farias Servicios', 'C041'),
    ('CL01370H', 'Sanatorio Acosta Integral', 'C016'),
    ('CL01371Z', 'Patricia Navarro', 'C024'),
    ('CL01372D', 'Martin Quiroga', 'C023'),
    ('CL01373J', 'Grupo Sanchez Integral', 'C008'),
    ('CL01374G', 'Andres Aguirre', 'C032'),
    ('CL01375A', 'Grupo Molina SRL', 'C022'),
    ('CL01376X', 'Sandra Silva', 'C040'),
    ('CL01377C', 'Pablo Ruiz', 'C014'),
    ('CL01378V', 'Andres Sosa', 'C027'),
    ('CL01379O', 'Pedro Vera', 'C021'),
    ('CL01380K', 'Hector Martinez', 'C010'),
    ('CL01381F', 'Oscar Sosa', 'C011'),
    ('CL01382L', 'Centro Medico Ruiz Servicios', 'C019'),
    ('CL01383L', 'Laura Benitez', 'C057'),
    ('CL01384M', 'Fernando Benitez', 'C032'),
    ('CL01385A', 'Pablo Gimenez', 'C027'),
    ('CL01386I', 'Clinica Aguirre Servicios', 'C003'),
    ('CL01387B', 'Sandra Martinez', 'C005'),
    ('CL01388Z', 'Daniela Sanchez', 'C058'),
    ('CL01389N', 'Centro Medico Ponce Servicios', 'C009'),
    ('CL01390R', 'Laboratorio Gimenez Group', 'C008'),
    ('CL01391L', 'Distribuidora Diaz SRL', 'C040'),
    ('CL01392M', 'Grupo Medina Salud', 'C033'),
    ('CL01393P', 'Paula Vera', 'C010'),
    ('CL01394W', 'Daniela Dominguez', 'C034'),
    ('CL01395X', 'Diego Gomez', 'C035'),
    ('CL01396I', 'Sanatorio Vega Group', 'C012'),
    ('CL01397X', 'Distribuidora Silva Integral', 'C020'),
    ('CL01398F', 'Carolina Farias', 'C057'),
    ('CL01399D', 'Carlos Godoy', 'C016'),
    ('CL01400M', 'Patricia Molina', 'C038'),
    ('CL01401L', 'Servicios Medicos Farias SRL', 'C065'),
    ('CL01402M', 'Instituto Quiroga Integral', 'C024'),
    ('CL01403H', 'Servicios Medicos Ruiz SRL', 'C024'),
    ('CL01404T', 'Juan Perez', 'C010'),
    ('CL01405Z', 'Sanatorio Aguirre SA', 'C024'),
    ('CL01406P', 'Carolina Vega', 'C036'),
    ('CL01407F', 'Diego Rojas', 'C052'),
    ('CL01408I', 'Hector Navarro', 'C047'),
    ('CL01409Q', 'Julieta Acosta', 'C032'),
    ('CL01410G', 'Grupo Ortiz Salud', 'C038'),
    ('CL01411Q', 'Pedro Gomez', 'C032'),
    ('CL01412Z', 'Andres Perez', 'C065'),
    ('CL01413B', 'Gabriel Vega', 'C018'),
    ('CL01414E', 'Pedro Rojas', 'C017'),
    ('CL01415N', 'Monica Sosa', 'C024'),
    ('CL01416C', 'Diego Silva', 'C021'),
    ('CL01417J', 'Centro Medico Godoy Group', 'C023'),
    ('CL01418F', 'Oscar Ponce', 'C058'),
    ('CL01419M', 'Pablo Martinez', 'C060'),
    ('CL01420U', 'Servicios Medicos Silva Salud', 'C034'),
    ('CL01421Y', 'Sanatorio Diaz Integral', 'C019'),
    ('CL01422L', 'Oscar Gimenez', 'C035'),
    ('CL01423J', 'Clinica Sosa Integral', 'C058'),
    ('CL01424Y', 'Diego Quiroga', 'C034'),
    ('CL01425K', 'Instituto Ponce SA', 'C023'),
    ('CL01426K', 'Clinica Vega SA', 'C033'),
    ('CL01427S', 'Gabriel Farias', 'C005'),
    ('CL01428Q', 'Hector Aguirre', 'C002'),
    ('CL01429W', 'Carlos Farias', 'C017'),
    ('CL01430Q', 'Servicios Medicos Navarro SRL', 'C039'),
    ('CL01431S', 'Hector Acosta', 'C060'),
    ('CL01432K', 'Pedro Silva', 'C010'),
    ('CL01433K', 'Instituto Ibarra SRL', 'C033'),
    ('CL01434C', 'Paula Rojas', 'C022'),
    ('CL01435V', 'Centro Medico Perez SRL', 'C012'),
    ('CL01436K', 'Raul Godoy', 'C055'),
    ('CL01437J', 'Servicios Medicos Farias Servicios', 'C019'),
    ('CL01438R', 'Jorge Silva', 'C021'),
    ('CL01439M', 'Sanatorio Sanchez Integral', 'C031'),
    ('CL01440Y', 'Martin Godoy', 'C035'),
    ('CL01441G', 'Carlos Martinez', 'C019'),
    ('CL01442C', 'Natalia Ferreyra', 'C063'),
    ('CL01443P', 'Mariana Godoy', 'C027'),
    ('CL01444N', 'Laboratorio Ruiz Salud', 'C008'),
    ('CL01445R', 'Monica Castro', 'C039'),
    ('CL01446L', 'Natalia Acosta', 'C005'),
    ('CL01447P', 'Raul Medina', 'C017'),
    ('CL01448X', 'Oscar Rojas', 'C037'),
    ('CL01449O', 'Carlos Ferreyra', 'C024'),
    ('CL01450E', 'Andres Vera', 'C018'),
    ('CL01451Y', 'Grupo Silva Salud', 'C033'),
    ('CL01452Q', 'Andres Gomez', 'C053'),
    ('CL01453N', 'Monica Perez', 'C062'),
    ('CL01454B', 'Julieta Navarro', 'C025'),
    ('CL01455Q', 'Distribuidora Dominguez SRL', 'C036'),
    ('CL01456H', 'Carolina Sanchez', 'C039'),
    ('CL01457E', 'Sandra Martinez', 'C045'),
    ('CL01458K', 'Carlos Torres', 'C001'),
    ('CL01459F', 'Pablo Ibarra', 'C021'),
    ('CL01460E', 'Instituto Vega SRL', 'C003'),
    ('CL01461H', 'Jorge Ruiz', 'C012'),
    ('CL01462U', 'Clinica Aguirre Salud', 'C029'),
    ('CL01463F', 'Gabriel Silva', 'C034'),
    ('CL01464V', 'Sanatorio Aguirre Servicios', 'C019'),
    ('CL01465A', 'Fernando Ferreyra', 'C021'),
    ('CL01466K', 'Daniela Navarro', 'C038'),
    ('CL01467J', 'Carolina Rojas', 'C002'),
    ('CL01468P', 'Diego Perez', 'C020'),
    ('CL01469Y', 'Sandra Duarte', 'C011'),
    ('CL01470V', 'Paula Ponce', 'C029'),
    ('CL01471R', 'Carlos Molina', 'C017'),
    ('CL01472G', 'Distribuidora Benitez Servicios', 'C007'),
    ('CL01473T', 'Lucia Godoy', 'C016'),
    ('CL01474S', 'Grupo Ortiz Group', 'C037'),
    ('CL01475Y', 'Silvia Sosa', 'C011'),
    ('CL01476I', 'Maria Farias', 'C023'),
    ('CL01477G', 'Monica Medina', 'C009'),
    ('CL01478Y', 'Sanatorio Vera Servicios', 'C008'),
    ('CL01479E', 'Instituto Gomez SA', 'C037'),
    ('CL01480I', 'Clinica Castro SRL', 'C028'),
    ('CL01481K', 'Natalia Ponce', 'C030'),
    ('CL01482J', 'Pedro Ortiz', 'C048'),
    ('CL01483N', 'Pablo Sanchez', 'C016'),
    ('CL01484H', 'Centro Medico Vera Servicios', 'C011'),
    ('CL01485N', 'Lucia Aguirre', 'C039'),
    ('CL01486R', 'Carlos Ponce', 'C020'),
    ('CL01487B', 'Sandra Ruiz', 'C037'),
    ('CL01488Q', 'Sandra Cardozo', 'C008'),
    ('CL01489P', 'Distribuidora Vega Integral', 'C015'),
    ('CL01490W', 'Ana Acosta', 'C013'),
    ('CL01491Y', 'Pedro Vera', 'C033'),
    ('CL01492B', 'Juan Perez', 'C032'),
    ('CL01493J', 'Hector Navarro', 'C019'),
    ('CL01494O', 'Raul Farias', 'C036'),
    ('CL01495K', 'Juan Vega', 'C030'),
    ('CL01496Q', 'Hector Perez', 'C016'),
    ('CL01497O', 'Monica Dominguez', 'C055'),
    ('CL01498Z', 'Pedro Benitez', 'C045'),
    ('CL01499I', 'Juan Godoy', 'C007'),
    ('CL01500M', 'Laura Medina', 'C004'),
    ('CL01501M', 'Carlos Medina', 'C039'),
    ('CL01502K', 'Centro Medico Gomez Integral', 'C016'),
    ('CL01503J', 'Distribuidora Sosa Salud', 'C030'),
    ('CL01504Y', 'Valeria Ibarra', 'C032'),
    ('CL01505E', 'Laboratorio Medina SA', 'C005'),
    ('CL01506M', 'Silvia Dominguez', 'C031'),
    ('CL01507X', 'Paula Martinez', 'C029'),
    ('CL01508U', 'Carlos Sosa', 'C016'),
    ('CL01509Y', 'Pablo Sanchez', 'C027'),
    ('CL01510G', 'Juan Castro', 'C059'),
    ('CL01511G', 'Sanatorio Ortiz SA', 'C053'),
    ('CL01512I', 'Servicios Medicos Gimenez SA', 'C039'),
    ('CL01513N', 'Mariana Martinez', 'C002'),
    ('CL01514S', 'Silvia Duarte', 'C011'),
    ('CL01515V', 'Centro Medico Acosta SA', 'C049'),
    ('CL01516F', 'Mariana Cardozo', 'C020'),
    ('CL01517R', 'Laboratorio Vega Servicios', 'C014'),
    ('CL01518P', 'Pedro Rojas', 'C061'),
    ('CL01519Q', 'Diego Gimenez', 'C017'),
    ('CL01520J', 'Carolina Sosa', 'C054'),
    ('CL01521S', 'Laboratorio Castro SRL', 'C022'),
    ('CL01522N', 'Distribuidora Molina Salud', 'C003'),
    ('CL01523Y', 'Raul Vera', 'C055'),
    ('CL01524B', 'Diego Benitez', 'C040'),
    ('CL01525V', 'Sanatorio Ruiz Servicios', 'C039'),
    ('CL01526I', 'Laboratorio Ponce Group', 'C029'),
    ('CL01527S', 'Centro Medico Gomez Group', 'C029'),
    ('CL01528O', 'Jorge Silva', 'C008'),
    ('CL01529U', 'Instituto Duarte SRL', 'C010'),
    ('CL01530H', 'Gabriel Dominguez', 'C053'),
    ('CL01531S', 'Grupo Rojas Servicios', 'C038'),
    ('CL01532B', 'Paula Cardozo', 'C030'),
    ('CL01533Q', 'Daniela Martinez', 'C002'),
    ('CL01534G', 'Andres Cardozo', 'C033'),
    ('CL01535S', 'Jorge Navarro', 'C065'),
    ('CL01536M', 'Grupo Gimenez Salud', 'C013'),
    ('CL01537Q', 'Fernando Dominguez', 'C006'),
    ('CL01538I', 'Juan Acosta', 'C033'),
    ('CL01539D', 'Martin Torres', 'C006'),
    ('CL01540X', 'Roberto Navarro', 'C034'),
    ('CL01541M', 'Hector Duarte', 'C042'),
    ('CL01542B', 'Raul Molina', 'C040'),
    ('CL01543M', 'Carlos Ortiz', 'C016'),
    ('CL01544P', 'Natalia Dominguez', 'C015'),
    ('CL01545X', 'Martin Martinez', 'C065'),
    ('CL01546Y', 'Silvia Godoy', 'C024'),
    ('CL01547W', 'Ana Navarro', 'C017'),
    ('CL01548I', 'Pablo Ferreyra', 'C046'),
    ('CL01549R', 'Fernando Sosa', 'C017'),
    ('CL01550P', 'Instituto Benitez Integral', 'C062'),
    ('CL01551Y', 'Sanatorio Gimenez Salud', 'C042'),
    ('CL01552F', 'Oscar Godoy', 'C032'),
    ('CL01553E', 'Instituto Ruiz Servicios', 'C001'),
    ('CL01554Q', 'Lucia Ortiz', 'C065'),
    ('CL01555Z', 'Gabriel Gomez', 'C064'),
    ('CL01556T', 'Daniela Ibarra', 'C005'),
    ('CL01557C', 'Servicios Medicos Molina SRL', 'C065'),
    ('CL01558J', 'Jorge Molina', 'C025'),
    ('CL01559N', 'Laboratorio Gimenez SRL', 'C049'),
    ('CL01560J', 'Juan Torres', 'C018'),
    ('CL01561G', 'Monica Cardozo', 'C013'),
    ('CL01562I', 'Sanatorio Medina SA', 'C009'),
    ('CL01563U', 'Daniela Martinez', 'C031'),
    ('CL01564D', 'Laura Sosa', 'C063'),
    ('CL01565U', 'Lucia Quiroga', 'C039'),
    ('CL01566R', 'Gabriel Quiroga', 'C005'),
    ('CL01567E', 'Ana Gomez', 'C006'),
    ('CL01568O', 'Andres Ortiz', 'C039'),
    ('CL01569G', 'Instituto Castro Salud', 'C045'),
    ('CL01570W', 'Mariana Gomez', 'C050'),
    ('CL01571J', 'Fernando Torres', 'C014'),
    ('CL01572Y', 'Paula Diaz', 'C023'),
    ('CL01573F', 'Grupo Silva SA', 'C004'),
    ('CL01574T', 'Diego Gomez', 'C050'),
    ('CL01575J', 'Servicios Medicos Perez Group', 'C063'),
    ('CL01576Z', 'Instituto Vera Group', 'C059'),
    ('CL01577B', 'Maria Castro', 'C025'),
    ('CL01578P', 'Raul Molina', 'C028'),
    ('CL01579K', 'Carolina Sosa', 'C007'),
    ('CL01580D', 'Martin Castro', 'C019'),
    ('CL01581M', 'Pablo Ponce', 'C003'),
    ('CL01582T', 'Valeria Martinez', 'C034'),
    ('CL01583N', 'Distribuidora Medina SA', 'C027'),
    ('CL01584K', 'Maria Vera', 'C032'),
    ('CL01585C', 'Fernando Navarro', 'C056'),
    ('CL01586S', 'Julieta Quiroga', 'C019'),
    ('CL01587R', 'Andres Ortiz', 'C008'),
    ('CL01588O', 'Paula Gimenez', 'C061'),
    ('CL01589Q', 'Sandra Cardozo', 'C017'),
    ('CL01590D', 'Centro Medico Silva Salud', 'C020'),
    ('CL01591N', 'Julieta Vega', 'C035'),
    ('CL01592N', 'Sanatorio Ibarra SA', 'C044'),
    ('CL01593K', 'Sanatorio Castro SRL', 'C010'),
    ('CL01594O', 'Monica Silva', 'C009'),
    ('CL01595E', 'Gabriel Silva', 'C023'),
    ('CL01596C', 'Silvia Dominguez', 'C021'),
    ('CL01597H', 'Patricia Vega', 'C016'),
    ('CL01598O', 'Distribuidora Sanchez Salud', 'C028'),
    ('CL01599E', 'Natalia Benitez', 'C040'),
    ('CL01600A', 'Silvia Sosa', 'C017'),
    ('CL01601G', 'Sofia Molina', 'C042'),
    ('CL01602X', 'Daniela Duarte', 'C032'),
    ('CL01603E', 'Clinica Martinez Servicios', 'C024'),
    ('CL01604C', 'Ana Martinez', 'C019'),
    ('CL01605W', 'Valeria Navarro', 'C023'),
    ('CL01606A', 'Fernando Quiroga', 'C002'),
    ('CL01607W', 'Ana Molina', 'C023'),
    ('CL01608W', 'Roberto Perez', 'C018'),
    ('CL01609D', 'Carolina Ruiz', 'C059'),
    ('CL01610W', 'Pedro Farias', 'C040'),
    ('CL01611L', 'Roberto Acosta', 'C022'),
    ('CL01612S', 'Hector Cardozo', 'C053'),
    ('CL01613J', 'Sofia Sosa', 'C018'),
    ('CL01614K', 'Gabriel Molina', 'C028'),
    ('CL01615Z', 'Diego Vega', 'C047'),
    ('CL01616G', 'Patricia Silva', 'C016'),
    ('CL01617C', 'Roberto Medina', 'C025'),
    ('CL01618O', 'Jorge Navarro', 'C004'),
    ('CL01619B', 'Clinica Ruiz Salud', 'C034'),
    ('CL01620U', 'Fernando Farias', 'C055'),
    ('CL01621G', 'Raul Sosa', 'C002'),
    ('CL01622U', 'Servicios Medicos Acosta Integral', 'C036'),
    ('CL01623X', 'Laura Benitez', 'C037'),
    ('CL01624T', 'Oscar Vega', 'C014'),
    ('CL01625I', 'Pablo Martinez', 'C036'),
    ('CL01626R', 'Mariana Torres', 'C064'),
    ('CL01627L', 'Jorge Ibarra', 'C031'),
    ('CL01628T', 'Lucia Diaz', 'C038'),
    ('CL01629A', 'Monica Ferreyra', 'C036'),
    ('CL01630G', 'Juan Medina', 'C037'),
    ('CL01631T', 'Laboratorio Quiroga SRL', 'C048'),
    ('CL01632E', 'Clinica Farias Servicios', 'C029'),
    ('CL01633S', 'Paula Acosta', 'C053'),
    ('CL01634Y', 'Grupo Vera Salud', 'C007'),
    ('CL01635E', 'Sofia Torres', 'C025'),
    ('CL01636I', 'Juan Gimenez', 'C057'),
    ('CL01637D', 'Carlos Silva', 'C065'),
    ('CL01638B', 'Silvia Acosta', 'C005'),
    ('CL01639I', 'Jorge Castro', 'C028'),
    ('CL01640T', 'Centro Medico Cardozo Integral', 'C036'),
    ('CL01641K', 'Gabriel Quiroga', 'C006'),
    ('CL01642R', 'Monica Molina', 'C031'),
    ('CL01643B', 'Laboratorio Gimenez Group', 'C037'),
    ('CL01644R', 'Diego Vega', 'C027'),
    ('CL01645Q', 'Monica Gimenez', 'C049'),
    ('CL01646D', 'Gabriel Navarro', 'C023'),
    ('CL01647Z', 'Grupo Duarte SA', 'C015'),
    ('CL01648U', 'Grupo Ortiz Servicios', 'C020'),
    ('CL01649G', 'Instituto Sosa Salud', 'C038'),
    ('CL01650U', 'Laura Silva', 'C039'),
    ('CL01651G', 'Diego Ibarra', 'C005'),
    ('CL01652Q', 'Martin Ponce', 'C028'),
    ('CL01653Z', 'Jorge Sosa', 'C002'),
    ('CL01654J', 'Distribuidora Gomez Integral', 'C065'),
    ('CL01655S', 'Hector Rojas', 'C006'),
    ('CL01656V', 'Laboratorio Ruiz Salud', 'C024'),
    ('CL01657J', 'Oscar Godoy', 'C053'),
    ('CL01658R', 'Ana Rojas', 'C041'),
    ('CL01659B', 'Grupo Cardozo SRL', 'C062'),
    ('CL01660V', 'Centro Medico Godoy SRL', 'C002'),
    ('CL01661W', 'Sofia Silva', 'C018'),
    ('CL01662X', 'Gabriel Diaz', 'C007'),
    ('CL01663Y', 'Laura Silva', 'C029'),
    ('CL01664Z', 'Lucia Dominguez', 'C024'),
    ('CL01665W', 'Maria Torres', 'C033'),
    ('CL01666E', 'Patricia Ferreyra', 'C029'),
    ('CL01667U', 'Valeria Sosa', 'C028'),
    ('CL01668Y', 'Fernando Sosa', 'C010'),
    ('CL01669Z', 'Martin Duarte', 'C053'),
    ('CL01670X', 'Oscar Ferreyra', 'C063'),
    ('CL01671D', 'Instituto Aguirre Servicios', 'C055'),
    ('CL01672J', 'Jorge Gomez', 'C017'),
    ('CL01673F', 'Distribuidora Sanchez Salud', 'C020'),
    ('CL01674Q', 'Maria Benitez', 'C033'),
    ('CL01675E', 'Fernando Godoy', 'C024'),
    ('CL01676I', 'Hector Gomez', 'C016'),
    ('CL01677A', 'Raul Medina', 'C041'),
    ('CL01678R', 'Diego Sanchez', 'C001'),
    ('CL01679O', 'Ana Godoy', 'C039'),
    ('CL01680W', 'Paula Quiroga', 'C017'),
    ('CL01681I', 'Oscar Vega', 'C005'),
    ('CL01682L', 'Daniela Quiroga', 'C055'),
    ('CL01683B', 'Sofia Gimenez', 'C053'),
    ('CL01684Z', 'Hector Navarro', 'C005'),
    ('CL01685K', 'Carolina Navarro', 'C013'),
    ('CL01686R', 'Raul Martinez', 'C030'),
    ('CL01687S', 'Grupo Ibarra SA', 'C021'),
    ('CL01688X', 'Centro Medico Molina Salud', 'C036'),
    ('CL01689F', 'Monica Ruiz', 'C008'),
    ('CL01690X', 'Laboratorio Sanchez Salud', 'C019'),
    ('CL01691L', 'Natalia Quiroga', 'C035'),
    ('CL01692V', 'Pedro Cardozo', 'C019'),
    ('CL01693H', 'Andres Benitez', 'C018'),
    ('CL01694T', 'Hector Benitez', 'C011'),
    ('CL01695J', 'Pablo Dominguez', 'C020'),
    ('CL01696G', 'Carolina Diaz', 'C039'),
    ('CL01697G', 'Carolina Ruiz', 'C008'),
    ('CL01698E', 'Jorge Navarro', 'C052'),
    ('CL01699G', 'Laura Torres', 'C033'),
    ('CL01700N', 'Juan Godoy', 'C038'),
    ('CL01701N', 'Laboratorio Godoy Group', 'C017'),
    ('CL01702B', 'Sofia Diaz', 'C017'),
    ('CL01703U', 'Lucia Aguirre', 'C035'),
    ('CL01704Y', 'Monica Diaz', 'C043'),
    ('CL01705J', 'Carolina Godoy', 'C008'),
    ('CL01706B', 'Instituto Sosa SRL', 'C015'),
    ('CL01707E', 'Fernando Vera', 'C003'),
    ('CL01708Y', 'Servicios Medicos Navarro Integral', 'C005'),
    ('CL01709I', 'Sanatorio Godoy Servicios', 'C027'),
    ('CL01710N', 'Oscar Ruiz', 'C013'),
    ('CL01711Z', 'Laboratorio Castro Group', 'C024'),
    ('CL01712V', 'Oscar Gomez', 'C032'),
    ('CL01713D', 'Servicios Medicos Farias Integral', 'C054'),
    ('CL01714E', 'Lucia Aguirre', 'C017'),
    ('CL01715S', 'Fernando Acosta', 'C047'),
    ('CL01716G', 'Carlos Godoy', 'C007'),
    ('CL01717I', 'Gabriel Diaz', 'C034'),
    ('CL01718P', 'Natalia Rojas', 'C023'),
    ('CL01719T', 'Daniela Navarro', 'C019'),
    ('CL01720Z', 'Sanatorio Perez SRL', 'C032'),
    ('CL01721J', 'Ana Sosa', 'C031'),
    ('CL01722T', 'Juan Molina', 'C053'),
    ('CL01723A', 'Diego Ferreyra', 'C008'),
    ('CL01724V', 'Laura Vera', 'C030'),
    ('CL01725J', 'Carolina Ortiz', 'C001'),
    ('CL01726Y', 'Monica Perez', 'C008'),
    ('CL01727B', 'Centro Medico Vega Servicios', 'C018'),
    ('CL01728I', 'Daniela Sosa', 'C002'),
    ('CL01729H', 'Grupo Duarte Integral', 'C033'),
    ('CL01730X', 'Centro Medico Dominguez Servicios', 'C026'),
    ('CL01731U', 'Clinica Gimenez Integral', 'C025'),
    ('CL01732R', 'Jorge Quiroga', 'C005'),
    ('CL01733Y', 'Maria Gimenez', 'C058'),
    ('CL01734N', 'Hector Ruiz', 'C001'),
    ('CL01735I', 'Distribuidora Gimenez SA', 'C028'),
    ('CL01736D', 'Patricia Ibarra', 'C003'),
    ('CL01737B', 'Martin Molina', 'C006'),
    ('CL01738N', 'Natalia Gimenez', 'C028'),
    ('CL01739J', 'Julieta Navarro', 'C059'),
    ('CL01740Z', 'Monica Sosa', 'C013'),
    ('CL01741D', 'Carlos Cardozo', 'C015'),
    ('CL01742K', 'Clinica Quiroga Salud', 'C038'),
    ('CL01743D', 'Daniela Ortiz', 'C027'),
    ('CL01744Y', 'Carlos Castro', 'C003'),
    ('CL01745P', 'Pablo Medina', 'C034'),
    ('CL01746O', 'Centro Medico Duarte Servicios', 'C002'),
    ('CL01747A', 'Sanatorio Benitez SA', 'C004'),
    ('CL01748Q', 'Andres Cardozo', 'C020'),
    ('CL01749P', 'Monica Torres', 'C006'),
    ('CL01750X', 'Laura Cardozo', 'C007'),
    ('CL01751A', 'Sanatorio Sanchez Group', 'C029'),
    ('CL01752I', 'Laboratorio Godoy Integral', 'C002'),
    ('CL01753G', 'Oscar Silva', 'C012'),
    ('CL01754N', 'Valeria Duarte', 'C060'),
    ('CL01755A', 'Daniela Godoy', 'C009'),
    ('CL01756P', 'Jorge Benitez', 'C015'),
    ('CL01757H', 'Gabriel Benitez', 'C022'),
    ('CL01758G', 'Instituto Molina Servicios', 'C028'),
    ('CL01759E', 'Patricia Aguirre', 'C006'),
    ('CL01760S', 'Raul Vera', 'C011'),
    ('CL01761U', 'Hector Farias', 'C020'),
    ('CL01762Y', 'Juan Martinez', 'C019'),
    ('CL01763A', 'Daniela Godoy', 'C063'),
    ('CL01764V', 'Silvia Aguirre', 'C010'),
    ('CL01765F', 'Roberto Dominguez', 'C014'),
    ('CL01766Q', 'Carlos Ponce', 'C027'),
    ('CL01767F', 'Centro Medico Duarte Group', 'C034'),
    ('CL01768K', 'Diego Perez', 'C004'),
    ('CL01769J', 'Clinica Vega SA', 'C040'),
    ('CL01770P', 'Daniela Ibarra', 'C038'),
    ('CL01771N', 'Andres Silva', 'C043'),
    ('CL01772Q', 'Maria Vera', 'C028'),
    ('CL01773W', 'Jorge Gomez', 'C033'),
    ('CL01774V', 'Instituto Martinez Integral', 'C036'),
    ('CL01775X', 'Carlos Perez', 'C013'),
    ('CL01776F', 'Silvia Ponce', 'C049'),
    ('CL01777G', 'Grupo Ortiz Group', 'C016'),
    ('CL01778I', 'Monica Perez', 'C023'),
    ('CL01779V', 'Grupo Gimenez Group', 'C002'),
    ('CL01780U', 'Valeria Torres', 'C017'),
    ('CL01781Z', 'Patricia Ruiz', 'C015'),
    ('CL01782Z', 'Oscar Navarro', 'C014'),
    ('CL01783B', 'Gabriel Ferreyra', 'C041'),
    ('CL01784F', 'Instituto Sosa Servicios', 'C055'),
    ('CL01785G', 'Jorge Cardozo', 'C045'),
    ('CL01786H', 'Servicios Medicos Castro Salud', 'C053'),
    ('CL01787M', 'Centro Medico Medina Salud', 'C006'),
    ('CL01788N', 'Juan Dominguez', 'C034'),
    ('CL01789S', 'Paula Rojas', 'C046'),
    ('CL01790L', 'Martin Acosta', 'C014'),
    ('CL01791E', 'Andres Cardozo', 'C026'),
    ('CL01792T', 'Distribuidora Acosta Integral', 'C027'),
    ('CL01793E', 'Centro Medico Gimenez SA', 'C034'),
    ('CL01794F', 'Oscar Navarro', 'C012'),
    ('CL01795I', 'Valeria Quiroga', 'C062'),
    ('CL01796J', 'Diego Gimenez', 'C047'),
    ('CL01797S', 'Laboratorio Sanchez Integral', 'C010'),
    ('CL01798W', 'Daniela Aguirre', 'C032'),
    ('CL01799V', 'Grupo Ponce Servicios', 'C018'),
    ('CL01800V', 'Servicios Medicos Benitez Servicios', 'C027'),
    ('CL01801N', 'Grupo Castro SRL', 'C065'),
    ('CL01802Z', 'Carlos Molina', 'C058'),
    ('CL01803Q', 'Andres Vega', 'C041'),
    ('CL01804Y', 'Julieta Martinez', 'C058'),
    ('CL01805W', 'Silvia Torres', 'C026'),
    ('CL01806L', 'Servicios Medicos Gimenez Salud', 'C032'),
    ('CL01807D', 'Fernando Perez', 'C009'),
    ('CL01808W', 'Distribuidora Silva SA', 'C003'),
    ('CL01809P', 'Sofia Martinez', 'C059'),
    ('CL01810E', 'Gabriel Godoy', 'C027'),
    ('CL01811R', 'Instituto Sosa Servicios', 'C019'),
    ('CL01812O', 'Fernando Aguirre', 'C011'),
    ('CL01813M', 'Diego Sosa', 'C021'),
    ('CL01814W', 'Instituto Medina SA', 'C027'),
    ('CL01815G', 'Raul Torres', 'C016'),
    ('CL01816M', 'Oscar Rojas', 'C002'),
    ('CL01817L', 'Monica Duarte', 'C003'),
    ('CL01818Q', 'Distribuidora Ferreyra SRL', 'C006'),
    ('CL01819D', 'Grupo Sanchez Group', 'C004'),
    ('CL01820J', 'Natalia Navarro', 'C032'),
    ('CL01821O', 'Andres Perez', 'C028'),
    ('CL01822G', 'Laboratorio Ponce Servicios', 'C014'),
    ('CL01823H', 'Natalia Gimenez', 'C013'),
    ('CL01824R', 'Pablo Navarro', 'C004'),
    ('CL01825C', 'Centro Medico Quiroga Servicios', 'C006'),
    ('CL01826P', 'Clinica Aguirre Group', 'C046'),
    ('CL01827W', 'Julieta Silva', 'C063'),
    ('CL01828G', 'Distribuidora Gomez SRL', 'C038'),
    ('CL01829K', 'Carolina Gimenez', 'C042'),
    ('CL01830G', 'Roberto Quiroga', 'C037'),
    ('CL01831W', 'Raul Ibarra', 'C022'),
    ('CL01832C', 'Sanatorio Ibarra SA', 'C018'),
    ('CL01833T', 'Diego Cardozo', 'C023'),
    ('CL01834L', 'Maria Godoy', 'C036'),
    ('CL01835E', 'Silvia Cardozo', 'C036'),
    ('CL01836K', 'Distribuidora Diaz Salud', 'C054'),
    ('CL01837J', 'Grupo Diaz Servicios', 'C021'),
    ('CL01838V', 'Instituto Benitez Group', 'C040'),
    ('CL01839H', 'Valeria Torres', 'C011'),
    ('CL01840V', 'Centro Medico Gomez SRL', 'C036'),
    ('CL01841B', 'Paula Ortiz', 'C006'),
    ('CL01842K', 'Sandra Navarro', 'C020'),
    ('CL01843T', 'Gabriel Dominguez', 'C035'),
    ('CL01844R', 'Monica Dominguez', 'C031'),
    ('CL01845I', 'Silvia Sosa', 'C048'),
    ('CL01846E', 'Juan Aguirre', 'C049'),
    ('CL01847P', 'Distribuidora Gomez SA', 'C003'),
    ('CL01848M', 'Silvia Rojas', 'C001'),
    ('CL01849I', 'Mariana Ponce', 'C015'),
    ('CL01850Q', 'Hector Navarro', 'C023'),
    ('CL01851V', 'Oscar Acosta', 'C016'),
    ('CL01852Z', 'Lucia Sosa', 'C022'),
    ('CL01853E', 'Roberto Sanchez', 'C029'),
    ('CL01854R', 'Valeria Farias', 'C028'),
    ('CL01855V', 'Valeria Ruiz', 'C062'),
    ('CL01856H', 'Diego Castro', 'C021'),
    ('CL01857Z', 'Pedro Molina', 'C047'),
    ('CL01858K', 'Centro Medico Ferreyra Servicios', 'C023'),
    ('CL01859J', 'Jorge Gimenez', 'C025'),
    ('CL01860S', 'Jorge Ruiz', 'C028'),
    ('CL01861H', 'Instituto Ruiz Salud', 'C025'),
    ('CL01862C', 'Grupo Vera SRL', 'C024'),
    ('CL01863T', 'Centro Medico Godoy Integral', 'C007'),
    ('CL01864G', 'Laboratorio Quiroga Integral', 'C001'),
    ('CL01865I', 'Laboratorio Rojas SRL', 'C004'),
    ('CL01866V', 'Laboratorio Martinez Salud', 'C040'),
    ('CL01867P', 'Pedro Ponce', 'C029'),
    ('CL01868T', 'Jorge Ferreyra', 'C025'),
    ('CL01869L', 'Valeria Cardozo', 'C036'),
    ('CL01870J', 'Laura Vega', 'C004'),
    ('CL01871D', 'Maria Rojas', 'C062'),
    ('CL01872K', 'Andres Molina', 'C037'),
    ('CL01873F', 'Mariana Ibarra', 'C025'),
    ('CL01874K', 'Centro Medico Vega Group', 'C026'),
    ('CL01875H', 'Sanatorio Ibarra Servicios', 'C011'),
    ('CL01876Q', 'Ana Vera', 'C026'),
    ('CL01877F', 'Natalia Vera', 'C037'),
    ('CL01878O', 'Clinica Dominguez Servicios', 'C012'),
    ('CL01879M', 'Andres Sanchez', 'C007'),
    ('CL01880J', 'Instituto Vera SRL', 'C056'),
    ('CL01881I', 'Jorge Diaz', 'C014'),
    ('CL01882X', 'Pedro Castro', 'C002'),
    ('CL01883N', 'Lucia Duarte', 'C005'),
    ('CL01884L', 'Instituto Acosta Salud', 'C056'),
    ('CL01885T', 'Sandra Ponce', 'C016'),
    ('CL01886O', 'Laura Gomez', 'C009'),
    ('CL01887S', 'Maria Ruiz', 'C030'),
    ('CL01888Q', 'Oscar Ponce', 'C014'),
    ('CL01889R', 'Fernando Ortiz', 'C017'),
    ('CL01890W', 'Natalia Dominguez', 'C034'),
    ('CL01891H', 'Distribuidora Medina SA', 'C047'),
    ('CL01892F', 'Oscar Gimenez', 'C029'),
    ('CL01893X', 'Sofia Aguirre', 'C026'),
    ('CL01894H', 'Raul Navarro', 'C036'),
    ('CL01895N', 'Diego Martinez', 'C027'),
    ('CL01896C', 'Andres Ruiz', 'C030'),
    ('CL01897T', 'Diego Diaz', 'C060'),
    ('CL01898B', 'Raul Quiroga', 'C015'),
    ('CL01899C', 'Raul Farias', 'C030'),
    ('CL01900P', 'Centro Medico Gomez Servicios', 'C003'),
    ('CL01901V', 'Laura Ortiz', 'C011'),
    ('CL01902Y', 'Sandra Navarro', 'C030'),
    ('CL01903S', 'Laura Ponce', 'C045'),
    ('CL01904C', 'Martin Sanchez', 'C017'),
    ('CL01905Y', 'Pablo Torres', 'C003'),
    ('CL01906C', 'Monica Ferreyra', 'C012'),
    ('CL01907Q', 'Laboratorio Castro Salud', 'C040'),
    ('CL01908D', 'Martin Farias', 'C017'),
    ('CL01909V', 'Centro Medico Silva SA', 'C008'),
    ('CL01910G', 'Instituto Torres Group', 'C053'),
    ('CL01911G', 'Gabriel Vera', 'C019'),
    ('CL01912Q', 'Grupo Navarro Integral', 'C043'),
    ('CL01913O', 'Sandra Martinez', 'C024'),
    ('CL01914E', 'Distribuidora Godoy Integral', 'C020'),
    ('CL01915Z', 'Hector Duarte', 'C055'),
    ('CL01916B', 'Julieta Molina', 'C037'),
    ('CL01917F', 'Pedro Farias', 'C006'),
    ('CL01918A', 'Gabriel Cardozo', 'C019'),
    ('CL01919O', 'Carlos Sanchez', 'C016'),
    ('CL01920D', 'Juan Sanchez', 'C037'),
    ('CL01921K', 'Raul Perez', 'C031'),
    ('CL01922T', 'Patricia Gimenez', 'C015'),
    ('CL01923X', 'Oscar Sanchez', 'C022'),
    ('CL01924L', 'Centro Medico Cardozo Servicios', 'C026'),
    ('CL01925P', 'Carlos Gimenez', 'C021'),
    ('CL01926L', 'Lucia Navarro', 'C011'),
    ('CL01927O', 'Oscar Ortiz', 'C025'),
    ('CL01928C', 'Jorge Ortiz', 'C031'),
    ('CL01929I', 'Jorge Cardozo', 'C025'),
    ('CL01930C', 'Grupo Farias SRL', 'C031'),
    ('CL01931O', 'Julieta Rojas', 'C031'),
    ('CL01932Z', 'Sanatorio Benitez Servicios', 'C062'),
    ('CL01933T', 'Distribuidora Silva Integral', 'C038'),
    ('CL01934R', 'Lucia Godoy', 'C020'),
    ('CL01935O', 'Pedro Vega', 'C060'),
    ('CL01936K', 'Grupo Sanchez Group', 'C026'),
    ('CL01937T', 'Servicios Medicos Benitez SRL', 'C024'),
    ('CL01938J', 'Instituto Ruiz Integral', 'C029'),
    ('CL01939I', 'Hector Martinez', 'C017'),
    ('CL01940G', 'Natalia Silva', 'C028'),
    ('CL01941Y', 'Sandra Ferreyra', 'C039'),
    ('CL01942I', 'Instituto Martinez SRL', 'C014'),
    ('CL01943B', 'Distribuidora Ruiz Servicios', 'C031'),
    ('CL01944Z', 'Distribuidora Duarte SRL', 'C029'),
    ('CL01945X', 'Clinica Martinez Servicios', 'C025'),
    ('CL01946I', 'Grupo Dominguez SA', 'C042'),
    ('CL01947F', 'Jorge Ibarra', 'C057'),
    ('CL01948O', 'Valeria Benitez', 'C040'),
    ('CL01949T', 'Paula Torres', 'C005'),
    ('CL01950O', 'Hector Vera', 'C022'),
    ('CL01951V', 'Andres Martinez', 'C060'),
    ('CL01952T', 'Valeria Benitez', 'C034'),
    ('CL01953O', 'Ana Sosa', 'C014'),
    ('CL01954E', 'Daniela Vega', 'C019'),
    ('CL01955O', 'Lucia Ortiz', 'C002'),
    ('CL01956K', 'Paula Ponce', 'C033'),
    ('CL01957F', 'Diego Benitez', 'C064'),
    ('CL01958R', 'Ana Ortiz', 'C026'),
    ('CL01959J', 'Mariana Sanchez', 'C061'),
    ('CL01960F', 'Sandra Martinez', 'C021'),
    ('CL01961T', 'Carolina Perez', 'C032'),
    ('CL01962C', 'Distribuidora Ponce Group', 'C054'),
    ('CL01963O', 'Carolina Navarro', 'C064'),
    ('CL01964V', 'Laboratorio Duarte Integral', 'C010'),
    ('CL01965F', 'Centro Medico Quiroga Group', 'C022'),
    ('CL01966G', 'Gabriel Martinez', 'C035'),
    ('CL01967V', 'Pedro Navarro', 'C054'),
    ('CL01968U', 'Centro Medico Sanchez Group', 'C035'),
    ('CL01969D', 'Roberto Farias', 'C010'),
    ('CL01970K', 'Silvia Aguirre', 'C024'),
    ('CL01971V', 'Grupo Gimenez Integral', 'C024'),
    ('CL01972O', 'Jorge Sosa', 'C014'),
    ('CL01973Z', 'Grupo Farias Salud', 'C002'),
    ('CL01974V', 'Distribuidora Benitez Group', 'C021'),
    ('CL01975Q', 'Patricia Aguirre', 'C018'),
    ('CL01976G', 'Sofia Farias', 'C039'),
    ('CL01977D', 'Pedro Farias', 'C015'),
    ('CL01978Z', 'Instituto Rojas SA', 'C031'),
    ('CL01979T', 'Laboratorio Gimenez Integral', 'C035'),
    ('CL01980M', 'Centro Medico Diaz Salud', 'C005'),
    ('CL01981H', 'Hector Benitez', 'C059'),
    ('CL01982I', 'Maria Molina', 'C038'),
    ('CL01983D', 'Gabriel Navarro', 'C013'),
    ('CL01984A', 'Clinica Duarte SRL', 'C030'),
    ('CL01985Q', 'Pedro Gimenez', 'C043'),
    ('CL01986B', 'Grupo Dominguez Integral', 'C033'),
    ('CL01987N', 'Martin Farias', 'C005'),
    ('CL01988G', 'Silvia Sosa', 'C031'),
    ('CL01989O', 'Servicios Medicos Ruiz Integral', 'C030'),
    ('CL01990V', 'Fernando Gomez', 'C048'),
    ('CL01991F', 'Daniela Torres', 'C028'),
    ('CL01992T', 'Lucia Vega', 'C031'),
    ('CL01993B', 'Sanatorio Ortiz Group', 'C034'),
    ('CL01994G', 'Silvia Acosta', 'C003'),
    ('CL01995P', 'Natalia Sosa', 'C026'),
    ('CL01996E', 'Silvia Ruiz', 'C011'),
    ('CL01997B', 'Carlos Sanchez', 'C034'),
    ('CL01998B', 'Clinica Duarte Servicios', 'C020'),
    ('CL01999J', 'Martin Ibarra', 'C023'),
    ('CL02000X', 'Ana Cardozo', 'C044');

INSERT INTO cobranzas_capa_uno.dim_comercial (id_comercial, nombre_comercial, tipo_comercial, id_ciudad) VALUES
    ('B0001', 'Broker Health Co.', 'broker', 'C001'),
    ('AI001', 'Juan Perez', 'asesor interno', 'C029'),
    ('AI002', 'Carlos Diaz', 'asesor interno', 'C002'),
    ('AI003', 'Carlos Diaz', 'asesor interno', 'C016'),
    ('AI004', 'Martin Ruiz', 'asesor interno', 'C003'),
    ('AI005', 'Juan Perez', 'asesor interno', 'C017'),
    ('AI007', 'Juan Perez', 'asesor interno', 'C004'),
    ('AI012', 'Juan Perez', 'asesor interno', 'C020'),
    ('AI013', 'Carlos Diaz', 'asesor interno', 'C009'),
    ('AE001', 'Jorge Silva', 'asesor externo', 'C016'),
    ('AE002', 'Sofia Castro', 'asesor externo', 'C003'),
    ('AE003', 'Diego Acosta', 'asesor externo', 'C032'),
    ('AE004', 'Valeria Ortiz', 'asesor externo', 'C018'),
    ('AE005', 'Raul Navarro', 'asesor externo', 'C004'),
    ('AE006', 'Patricia Vega', 'asesor externo', 'C019'),
    ('AE007', 'Andres Molina', 'asesor externo', 'C005'),
    ('AE008', 'Carolina Ibarra', 'asesor externo', 'C030'),
    ('AE009', 'Mariana Rojas', 'asesor externo', 'C021'),
    ('AE010', 'Paula Dominguez', 'asesor externo', 'C006'),
    ('AE011', 'Hector Farias', 'asesor externo', 'C020'),
    ('AE012', 'Sandra Aguirre', 'asesor externo', 'C034'),
    ('AE013', 'Roberto Sosa', 'asesor externo', 'C007'),
    ('AE014', 'Natalia Benitez', 'asesor externo', 'C033'),
    ('AE015', 'Pablo Gimenez', 'asesor externo', 'C009'),
    ('AE016', 'Daniela Godoy', 'asesor externo', 'C001'),
    ('AE017', 'Fernando Vera', 'asesor externo', 'C029'),
    ('AE018', 'Julieta Ferreyra', 'asesor externo', 'C017'),
    ('AE019', 'Gabriel Ponce', 'asesor externo', 'C002'),
    ('AE020', 'Monica Quiroga', 'asesor externo', 'C032'),
    ('AE021', 'Oscar Cardozo', 'asesor externo', 'C031'),
    ('AE022', 'Silvia Duarte', 'asesor externo', 'C003'),
    ('AE023', 'Adrian Leiva', 'asesor externo', 'C016'),
    ('AE024', 'Florencia Cabrera', 'asesor externo', 'C018'),
    ('AE025', 'Marcelo Lugo', 'asesor externo', 'C030'),
    ('AE026', 'Camila Paredes', 'asesor externo', 'C005'),
    ('AE027', 'Ricardo Nunez', 'asesor externo', 'C019'),
    ('AE028', 'Jimena Villalba', 'asesor externo', 'C004'),
    ('AE029', 'Esteban Toledo', 'asesor externo', 'C021'),
    ('AE030', 'Veronica Coronel', 'asesor externo', 'C034'),
    ('AE031', 'Gustavo Benitez', 'asesor externo', 'C006'),
    ('AE032', 'Cecilia Barreto', 'asesor externo', 'C020'),
    ('AE033', 'Alejandro Ayala', 'asesor externo', 'C033'),
    ('AE034', 'Natalia Duarte', 'asesor externo', 'C007'),
    ('AE035', 'Rodrigo Velazquez', 'asesor externo', 'C009'),
    ('AE036', 'Lorena Salinas', 'asesor externo', 'C029'),
    ('AE037', 'Hernan Valdez', 'asesor externo', 'C001'),
    ('AE038', 'Pamela Caceres', 'asesor externo', 'C017'),
    ('AE039', 'Sergio Maidana', 'asesor externo', 'C031'),
    ('AE040', 'Claudia Meza', 'asesor externo', 'C032'),
    ('AE041', 'Nicolas Duarte', 'asesor externo', 'C003'),
    ('AE042', 'Daniela Peralta', 'asesor externo', 'C002'),
    ('AE043', 'Cristian Aquino', 'asesor externo', 'C016'),
    ('AE044', 'Andrea Galeano', 'asesor externo', 'C018'),
    ('AE045', 'Federico Godoy', 'asesor externo', 'C019'),
    ('AE046', 'Belen Sosa', 'asesor externo', 'C030'),
    ('AE047', 'Sebastian Franco', 'asesor externo', 'C005'),
    ('AE048', 'Gabriela Patino', 'asesor externo', 'C021'),
    ('AE049', 'Lucas Cabrera', 'asesor externo', 'C034'),
    ('AE050', 'Romina Benitez', 'asesor externo', 'C006');

INSERT INTO cobranzas_capa_uno.dim_contratos (id_contrato, id_cliente, id_especialidad)	VALUES
    ('SVSP5', 'CL00395I', 'ESP08'),
	('O81AB', 'CL00906G', 'ESP27'),
	('2KXJA', 'CL00803I', 'ESP13'),
	('P78Z0', 'CL00673R', 'ESP09'),
	('ZPLF6', 'CL01137N', 'ESP24'),
	('AP9JO', 'CL01550P', 'ESP18'),
	('DP0MB', 'CL00288L', 'ESP08'),
	('S5PYR', 'CL01139V', 'ESP22'),
	('Y6YES', 'CL00903G', 'ESP21'),
	('47D83', 'CL01756P', 'ESP05'),
	('MBFOW', 'CL00501K', 'ESP12'),
	('Z6PSZ', 'CL00666L', 'ESP01'),
	('L87OI', 'CL00481G', 'ESP07'),
	('1L62A', 'CL00297C', 'ESP01'),
	('IBR89', 'CL01499I', 'ESP22'),
	('86TXQ', 'CL01383L', 'ESP22'),
	('5KBOO', 'CL01995P', 'ESP19'),
	('N2J2A', 'CL01946I', 'ESP20'),
	('LH01E', 'CL01937T', 'ESP14'),
	('BVAE0', 'CL01825C', 'ESP30'),
	('AZ4Z0', 'CL00504Y', 'ESP15'),
	('QIB9W', 'CL01646D', 'ESP10'),
	('CV8ZR', 'CL01908D', 'ESP19'),
	('ZSAHB', 'CL00592W', 'ESP22'),
	('2GAT3', 'CL00446O', 'ESP13'),
	('SJLRE', 'CL00512R', 'ESP07'),
	('JFL2S', 'CL00109V', 'ESP20'),
	('58UP3', 'CL01893X', 'ESP14'),
	('9RA4U', 'CL01325J', 'ESP13'),
	('P1C8N', 'CL01906C', 'ESP25'),
	('H2OVQ', 'CL01485N', 'ESP15'),
	('9PU5U', 'CL01557C', 'ESP01'),
	('TMIM2', 'CL00946G', 'ESP10'),
	('5OGZB', 'CL00116A', 'ESP01'),
	('WN7T5', 'CL00546K', 'ESP16'),
	('5QVBU', 'CL00679M', 'ESP12'),
	('62DMY', 'CL00226D', 'ESP12'),
	('JH681', 'CL00987C', 'ESP26'),
	('4ZKO8', 'CL00346E', 'ESP18'),
	('MJH5A', 'CL01707E', 'ESP22'),
	('Z63FY', 'CL00614M', 'ESP20'),
	('I18B4', 'CL01749P', 'ESP05'),
	('DVG0R', 'CL00915R', 'ESP05'),
	('XDG4L', 'CL00047S', 'ESP07'),
	('O9A1R', 'CL01694T', 'ESP20'),
	('951LC', 'CL00396T', 'ESP22'),
	('UDS1I', 'CL00088I', 'ESP27'),
	('ZIA9Z', 'CL00409Q', 'ESP05'),
	('T0597', 'CL00341E', 'ESP11'),
	('HQEK2', 'CL00742Y', 'ESP05'),
	('US4LH', 'CL00477O', 'ESP13'),
	('VE265', 'CL00359D', 'ESP21'),
	('SI8B5', 'CL00926J', 'ESP13'),
	('U8F5K', 'CL00308M', 'ESP29'),
	('6ZJO0', 'CL01910G', 'ESP28'),
	('I78DD', 'CL00813U', 'ESP23'),
	('UKZOF', 'CL00190H', 'ESP05'),
	('S4JCC', 'CL00854T', 'ESP12'),
	('HK91F', 'CL01884L', 'ESP27'),
	('WD853', 'CL01846E', 'ESP11'),
	('DLPQJ', 'CL00703C', 'ESP10'),
	('8IN02', 'CL00252L', 'ESP06'),
	('F5PNU', 'CL00990M', 'ESP05'),
	('VFKEV', 'CL01507X', 'ESP30'),
	('QMEVD', 'CL00913B', 'ESP15'),
	('NLGN0', 'CL00554L', 'ESP15'),
	('3UJAL', 'CL00783C', 'ESP09'),
	('VZVAY', 'CL01966G', 'ESP15'),
	('UJSSR', 'CL01702B', 'ESP08'),
	('O8XAS', 'CL01423J', 'ESP05'),
	('ZGTJ8', 'CL01762Y', 'ESP02'),
	('87M9J', 'CL00217L', 'ESP22'),
	('L91MH', 'CL01075N', 'ESP01'),
	('PVGQL', 'CL01205T', 'ESP07'),
	('BJE7Z', 'CL00316R', 'ESP18'),
	('WZLUF', 'CL00997X', 'ESP01'),
	('6FP0D', 'CL00402K', 'ESP21'),
	('CTSJX', 'CL00686J', 'ESP13'),
	('EV7TP', 'CL01004X', 'ESP05'),
	('HP1CV', 'CL00857J', 'ESP22'),
	('9M1DI', 'CL00451D', 'ESP22'),
	('GYH8K', 'CL01780U', 'ESP05'),
	('QK86C', 'CL01694T', 'ESP05'),
	('BSVPP', 'CL00237S', 'ESP11'),
	('8WQQ6', 'CL01040I', 'ESP15'),
	('EZ0WH', 'CL00691E', 'ESP03'),
	('C6RA4', 'CL00328J', 'ESP16'),
	('AIY7P', 'CL01456H', 'ESP11'),
	('6CF54', 'CL01406P', 'ESP15'),
	('BBU3Z', 'CL01062F', 'ESP13'),
	('ZBH0B', 'CL00201F', 'ESP06'),
	('76NCX', 'CL01077A', 'ESP08'),
	('Q6YBY', 'CL00833C', 'ESP14'),
	('9I9XK', 'CL00540C', 'ESP04'),
	('VU89O', 'CL00112X', 'ESP17'),
	('QYQ0I', 'CL00446O', 'ESP13'),
	('9YI05', 'CL01704Y', 'ESP01'),
	('ZJZ6M', 'CL01493J', 'ESP22'),
	('ADL0M', 'CL01199B', 'ESP01'),
	('TQ8MH', 'CL01346R', 'ESP05'),
	('5LIHW', 'CL01902Y', 'ESP07'),
	('J58GP', 'CL01223C', 'ESP07'),
	('ABG5K', 'CL00522K', 'ESP08'),
	('EQ873', 'CL01748Q', 'ESP16'),
	('2X0BU', 'CL00648Z', 'ESP13'),
	('QZP9U', 'CL00947H', 'ESP08'),
	('28ZKZ', 'CL00741W', 'ESP28'),
	('LV4MS', 'CL00811F', 'ESP17'),
	('VYGPK', 'CL01621G', 'ESP22'),
	('K3JR8', 'CL00420I', 'ESP05'),
	('21FRP', 'CL00482D', 'ESP07'),
	('AL2SP', 'CL01370H', 'ESP16'),
	('XMNBT', 'CL00175M', 'ESP28'),
	('MS8G4', 'CL01395X', 'ESP14'),
	('85WJH', 'CL01934R', 'ESP13'),
	('3ECA2', 'CL00085P', 'ESP05'),
	('ZHXJT', 'CL00121S', 'ESP30'),
	('8LM7A', 'CL00729B', 'ESP13'),
	('8A1Y5', 'CL01707E', 'ESP27'),
	('86NR7', 'CL01970K', 'ESP12'),
	('FNSZM', 'CL00144U', 'ESP22'),
	('UACG3', 'CL01676I', 'ESP05'),
	('R1CV1', 'CL01707E', 'ESP13'),
	('YO26A', 'CL00605B', 'ESP05'),
	('2BGBG', 'CL01395X', 'ESP19'),
	('5APLX', 'CL01244Y', 'ESP20'),
	('ONSOW', 'CL00179G', 'ESP01'),
	('JZ49W', 'CL00686J', 'ESP25'),
	('G67F9', 'CL00169R', 'ESP05'),
	('DR1B5', 'CL01654J', 'ESP20'),
	('ZHE36', 'CL01883N', 'ESP05'),
	('Z5H2O', 'CL00543L', 'ESP05'),
	('9FDK1', 'CL01707E', 'ESP20'),
	('J8P6E', 'CL01751A', 'ESP08'),
	('99DVH', 'CL01922T', 'ESP07'),
	('GPF7J', 'CL01069L', 'ESP18'),
	('OGGJI', 'CL01657J', 'ESP12'),
	('049D3', 'CL00240J', 'ESP13'),
	('407A4', 'CL01038Z', 'ESP13'),
	('EUKOH', 'CL00191M', 'ESP30'),
	('OKMD0', 'CL00789N', 'ESP04'),
	('LP1FK', 'CL00368D', 'ESP05'),
	('M7Z5A', 'CL00967X', 'ESP18'),
	('LGF84', 'CL01029J', 'ESP16'),
	('C0XMA', 'CL01276Y', 'ESP11'),
	('BA3PN', 'CL00030K', 'ESP13'),
	('WUFUX', 'CL00402K', 'ESP01'),
	('ZIDYJ', 'CL01361E', 'ESP26'),
	('1VDFP', 'CL00342E', 'ESP22'),
	('ROR7I', 'CL00881C', 'ESP09'),
	('OTJC9', 'CL00543L', 'ESP01'),
	('BV715', 'CL00375Z', 'ESP07'),
	('F5QIT', 'CL01191S', 'ESP13'),
	('DRFK1', 'CL01567E', 'ESP18'),
	('6JHN2', 'CL00348Y', 'ESP14'),
	('YJFM1', 'CL00364I', 'ESP05'),
	('0C905', 'CL00546K', 'ESP16'),
	('492L2', 'CL01319C', 'ESP11'),
	('VPKUH', 'CL00425J', 'ESP01'),
	('UR8DL', 'CL00190H', 'ESP18'),
	('VHXO2', 'CL01703U', 'ESP13'),
	('LLJEW', 'CL00354X', 'ESP15'),
	('RMN2E', 'CL00501K', 'ESP05'),
	('OVN3G', 'CL01952T', 'ESP20'),
	('KM0K7', 'CL00774S', 'ESP13'),
	('2TDN2', 'CL01029J', 'ESP23'),
	('QBY2Q', 'CL00734A', 'ESP01'),
	('WE0LW', 'CL00380B', 'ESP15'),
	('0Y00X', 'CL00038I', 'ESP26'),
	('4NZIJ', 'CL00799R', 'ESP04'),
	('D97L4', 'CL00511Y', 'ESP26'),
	('6E7Q8', 'CL00980H', 'ESP30'),
	('0GCKR', 'CL00691E', 'ESP16'),
	('I9OR3', 'CL01844R', 'ESP22'),
	('NC242', 'CL01121W', 'ESP05'),
	('SG3A1', 'CL01883N', 'ESP14'),
	('FOY9R', 'CL01595E', 'ESP07'),
	('FGZK2', 'CL01179H', 'ESP05'),
	('3KX1Q', 'CL01621G', 'ESP01'),
	('IOG3P', 'CL01780U', 'ESP04'),
	('XGTZE', 'CL01203G', 'ESP11'),
	('D1UF6', 'CL00695F', 'ESP26'),
	('VFQEB', 'CL01066A', 'ESP23'),
	('ZVCV2', 'CL00562Y', 'ESP15'),
	('PM768', 'CL01836K', 'ESP22'),
	('LAB0H', 'CL00006G', 'ESP13'),
	('ZGN3F', 'CL01901V', 'ESP08'),
	('IGSB6', 'CL00693R', 'ESP23'),
	('VMYVL', 'CL00694U', 'ESP25'),
	('DAPIC', 'CL00998X', 'ESP15'),
	('VY6G2', 'CL00388O', 'ESP22'),
	('V93S5', 'CL01318Q', 'ESP26'),
	('OPQ30', 'CL00539H', 'ESP10'),
	('XGA64', 'CL00585F', 'ESP30'),
	('41AM3', 'CL00949L', 'ESP07'),
	('I6HGB', 'CL00045R', 'ESP17'),
	('1JUXZ', 'CL01309P', 'ESP20'),
	('VWBMK', 'CL01342M', 'ESP08'),
	('VWKKG', 'CL00196T', 'ESP13'),
	('LM428', 'CL01979T', 'ESP23'),
	('L85JQ', 'CL00030K', 'ESP15'),
	('0WI0H', 'CL01169Q', 'ESP22'),
	('LTQ1I', 'CL01758G', 'ESP28'),
	('IC6OZ', 'CL00767Y', 'ESP11'),
	('318NL', 'CL01144N', 'ESP11'),
	('KIV61', 'CL00504Y', 'ESP12'),
	('VND0T', 'CL01686R', 'ESP23'),
	('OO1RC', 'CL01872K', 'ESP13'),
	('08AE3', 'CL00152R', 'ESP20'),
	('17AV5', 'CL01696G', 'ESP08'),
	('ZXAQF', 'CL00717I', 'ESP22'),
	('IC5DR', 'CL00340T', 'ESP09'),
	('XP2UL', 'CL01649G', 'ESP13'),
	('60B50', 'CL00534G', 'ESP10'),
	('F3ZOK', 'CL00891Z', 'ESP01'),
	('WJOPM', 'CL01113E', 'ESP19'),
	('2FLDE', 'CL01498Z', 'ESP20'),
	('KJHEL', 'CL00790D', 'ESP05'),
	('D316T', 'CL00997X', 'ESP20'),
	('UCMZQ', 'CL00522K', 'ESP25'),
	('RZFSR', 'CL01820J', 'ESP18'),
	('HRI3K', 'CL00278U', 'ESP18'),
	('FSV9D', 'CL00322F', 'ESP20'),
	('OB1A8', 'CL01358X', 'ESP11'),
	('KB32I', 'CL01298O', 'ESP10'),
	('5YH68', 'CL01670X', 'ESP20'),
	('T5BNX', 'CL00700I', 'ESP20'),
	('I9G5I', 'CL00790D', 'ESP23'),
	('GWV5I', 'CL00541P', 'ESP21'),
	('NHWCE', 'CL00421X', 'ESP05'),
	('7F5RL', 'CL01543M', 'ESP09'),
	('ZA3T6', 'CL00299K', 'ESP07'),
	('IRDCP', 'CL01089R', 'ESP24'),
	('44YVM', 'CL01768K', 'ESP03'),
	('TM5UF', 'CL00439E', 'ESP05'),
	('JBMGG', 'CL01969D', 'ESP01'),
	('TKFQE', 'CL01850Q', 'ESP28'),
	('OITRT', 'CL01694T', 'ESP29'),
	('XBRNT', 'CL00963W', 'ESP13'),
	('SZ9NR', 'CL01268B', 'ESP01'),
	('CH2X6', 'CL00736C', 'ESP05'),
	('G4IIK', 'CL01981H', 'ESP22'),
	('V3049', 'CL01883N', 'ESP20'),
	('7G38E', 'CL01418F', 'ESP05'),
	('EQOKD', 'CL00947H', 'ESP05'),
	('8HD9G', 'CL01592N', 'ESP05'),
	('3X3B7', 'CL00218V', 'ESP11'),
	('YDCQX', 'CL01035G', 'ESP12'),
	('2GQPW', 'CL01691L', 'ESP07'),
	('STE45', 'CL01998B', 'ESP11'),
	('UMX7K', 'CL00868B', 'ESP02'),
	('D0CDR', 'CL00178B', 'ESP16'),
	('JOY5Q', 'CL01910G', 'ESP01'),
	('GN4GU', 'CL01480I', 'ESP24'),
	('YCDZR', 'CL00742Y', 'ESP01'),
	('W8CJZ', 'CL00743O', 'ESP19'),
	('3FPRA', 'CL00593G', 'ESP15'),
	('BL2MQ', 'CL01059S', 'ESP22'),
	('F4CQM', 'CL00567P', 'ESP10'),
	('WBYVZ', 'CL00380B', 'ESP12'),
	('CI1PD', 'CL00986B', 'ESP20'),
	('PWVTG', 'CL00939R', 'ESP07'),
	('DTTID', 'CL00445V', 'ESP29'),
	('F432I', 'CL01058U', 'ESP01'),
	('DE69Z', 'CL00854T', 'ESP02'),
	('X4ILD', 'CL01333R', 'ESP07'),
	('LOZ4R', 'CL00001Z', 'ESP22'),
	('ZNMCI', 'CL00368D', 'ESP18'),
	('X2JPX', 'CL01368I', 'ESP13'),
	('WT4XW', 'CL00304H', 'ESP18'),
	('GXKS3', 'CL00507I', 'ESP01'),
	('SCB76', 'CL01075N', 'ESP10'),
	('483BF', 'CL01540X', 'ESP28'),
	('VDLTI', 'CL01282H', 'ESP22'),
	('9HXVA', 'CL01707E', 'ESP29'),
	('3GQU2', 'CL01586S', 'ESP22'),
	('ZH38G', 'CL01756P', 'ESP08'),
	('HYTDZ', 'CL01006X', 'ESP20'),
	('Z51XI', 'CL00847W', 'ESP15'),
	('5JPAZ', 'CL01463F', 'ESP13'),
	('8YRU8', 'CL01512I', 'ESP15'),
	('ZOLPR', 'CL01770P', 'ESP24'),
	('ILOWO', 'CL00542J', 'ESP04'),
	('WXTMD', 'CL00817T', 'ESP28'),
	('XR6RW', 'CL00939R', 'ESP18'),
	('L8QKZ', 'CL01716G', 'ESP13'),
	('XJ3VU', 'CL01387B', 'ESP12'),
	('4CQWR', 'CL00457C', 'ESP12'),
	('88JFY', 'CL00383I', 'ESP11'),
	('AGZ1U', 'CL00610K', 'ESP05'),
	('DFN2Q', 'CL01211U', 'ESP19'),
	('EYEDE', 'CL01535S', 'ESP16'),
	('NI4UL', 'CL00481G', 'ESP13'),
	('20MVX', 'CL01785G', 'ESP13'),
	('JES0S', 'CL00636B', 'ESP16'),
	('SS1FS', 'CL01180I', 'ESP13'),
	('JVGQF', 'CL01683B', 'ESP22'),
	('CK47F', 'CL00256J', 'ESP28'),
	('5R3QE', 'CL00361B', 'ESP01'),
	('721Y2', 'CL01562I', 'ESP07'),
	('NEDHY', 'CL01790L', 'ESP28'),
	('W02JS', 'CL00816I', 'ESP22'),
	('B8EXJ', 'CL01948O', 'ESP30'),
	('7RPAP', 'CL01713D', 'ESP07'),
	('XCYI9', 'CL00046T', 'ESP25'),
	('L7D7J', 'CL01288R', 'ESP07'),
	('7FN4I', 'CL00841A', 'ESP10'),
	('9J418', 'CL01898B', 'ESP10'),
	('GK254', 'CL00237S', 'ESP27'),
	('ZGI4K', 'CL00794N', 'ESP23'),
	('POMHR', 'CL00670D', 'ESP03'),
	('29YWZ', 'CL00647G', 'ESP20'),
	('283KZ', 'CL01397X', 'ESP28'),
	('FDWCH', 'CL00040P', 'ESP18'),
	('V16YU', 'CL01688X', 'ESP26'),
	('5F2O6', 'CL00785I', 'ESP28'),
	('HYE5Y', 'CL01555Z', 'ESP24'),
	('UECF3', 'CL01927O', 'ESP15'),
	('7D9TX', 'CL01319C', 'ESP08'),
	('U6KFB', 'CL01493J', 'ESP05'),
	('9TBNU', 'CL01313Q', 'ESP15'),
	('5FOF2', 'CL01069L', 'ESP16'),
	('J3Z3W', 'CL00115P', 'ESP16'),
	('RXHLF', 'CL01811R', 'ESP25'),
	('PHVJV', 'CL00005B', 'ESP22'),
	('7QF6G', 'CL01031U', 'ESP22'),
	('LAEBR', 'CL00990M', 'ESP25'),
	('PNB23', 'CL01459F', 'ESP13'),
	('5VTEW', 'CL00851Y', 'ESP18'),
	('WYMR6', 'CL00678S', 'ESP04'),
	('KK9IN', 'CL01908D', 'ESP18'),
	('TN2LC', 'CL00139J', 'ESP12'),
	('75J26', 'CL01001G', 'ESP01'),
	('2TGC1', 'CL00049H', 'ESP28'),
	('QCQVG', 'CL00686J', 'ESP05'),
	('GYPZX', 'CL01740Z', 'ESP16'),
	('YGOXT', 'CL01894H', 'ESP06'),
	('O9XDY', 'CL01104Y', 'ESP26'),
	('3OIKP', 'CL01611L', 'ESP20'),
	('JYZ5D', 'CL00133S', 'ESP26'),
	('HVYP1', 'CL01168C', 'ESP08'),
	('UA616', 'CL00643V', 'ESP26'),
	('U43HV', 'CL00864K', 'ESP01'),
	('MR3U9', 'CL01086Y', 'ESP22'),
	('0HREW', 'CL01531S', 'ESP23'),
	('HP3NR', 'CL00752K', 'ESP18'),
	('A9GHC', 'CL01202O', 'ESP22'),
	('S3G7A', 'CL00566E', 'ESP20'),
	('39F01', 'CL00617A', 'ESP11'),
	('AW4JE', 'CL00824S', 'ESP01'),
	('4ZY2J', 'CL00819J', 'ESP15'),
	('D4FEL', 'CL01069L', 'ESP07'),
	('OZCNF', 'CL00431R', 'ESP28'),
	('XBM9I', 'CL01870J', 'ESP13'),
	('YWN5W', 'CL01291X', 'ESP05'),
	('1WTYS', 'CL01608W', 'ESP23'),
	('VVPSW', 'CL00517F', 'ESP16'),
	('LJKZJ', 'CL01946I', 'ESP08'),
	('J9L6T', 'CL01362P', 'ESP15'),
	('VR71D', 'CL01973Z', 'ESP01'),
	('VEQP7', 'CL00832Y', 'ESP18'),
	('KKHK2', 'CL01715S', 'ESP05'),
	('XQXVN', 'CL01720Z', 'ESP07'),
	('YNCFL', 'CL00131G', 'ESP15'),
	('5YHUZ', 'CL00980H', 'ESP18'),
	('JTJAV', 'CL00239A', 'ESP10'),
	('540PM', 'CL00181T', 'ESP05'),
	('9YZ13', 'CL01456H', 'ESP10'),
	('CIKRS', 'CL01488Q', 'ESP25'),
	('UDGIR', 'CL00328J', 'ESP07'),
	('2TJL3', 'CL00232V', 'ESP01'),
	('BJTVE', 'CL00333G', 'ESP03'),
	('6LXMG', 'CL00036A', 'ESP21'),
	('7F1OG', 'CL00789N', 'ESP05'),
	('6LQW4', 'CL00134L', 'ESP20'),
	('11GYY', 'CL00346E', 'ESP01'),
	('9AKM0', 'CL01802Z', 'ESP17'),
	('HZ9D4', 'CL01130L', 'ESP04'),
	('5KZEI', 'CL00536H', 'ESP02'),
	('9CXAA', 'CL00757U', 'ESP07'),
	('7Y4C1', 'CL00072S', 'ESP26'),
	('3UVIU', 'CL00740P', 'ESP28'),
	('7CAT3', 'CL00089V', 'ESP15'),
	('7HMPP', 'CL01460E', 'ESP15'),
	('7JH21', 'CL01220J', 'ESP08'),
	('HH63Z', 'CL00201F', 'ESP30'),
	('NB2WI', 'CL00081K', 'ESP11'),
	('ZN4T0', 'CL00481G', 'ESP15'),
	('HEYB7', 'CL01914E', 'ESP13'),
	('0C5G6', 'CL00392O', 'ESP07'),
	('QCULB', 'CL00380B', 'ESP01'),
	('V9MZS', 'CL01667U', 'ESP23'),
	('GVY2K', 'CL01756P', 'ESP30'),
	('01YFO', 'CL00142L', 'ESP14'),
	('4YYUX', 'CL01688X', 'ESP13'),
	('XYODO', 'CL01064G', 'ESP17'),
	('YVB8K', 'CL01887S', 'ESP08'),
	('NPUTV', 'CL01307U', 'ESP20'),
	('I4VWF', 'CL01723A', 'ESP20'),
	('WXCOO', 'CL01086Y', 'ESP13'),
	('JI6UG', 'CL01285I', 'ESP14'),
	('B72I4', 'CL01159Z', 'ESP12'),
	('6SX4E', 'CL01649G', 'ESP07'),
	('WK2W9', 'CL01809P', 'ESP23'),
	('NS1OR', 'CL00968D', 'ESP05'),
	('W8HIM', 'CL00058Q', 'ESP02'),
	('JJPQV', 'CL01235V', 'ESP15'),
	('XYOIL', 'CL00142L', 'ESP07'),
	('AJ3NP', 'CL00880N', 'ESP22'),
	('P68H9', 'CL00361B', 'ESP12'),
	('6A76L', 'CL01781Z', 'ESP07'),
	('NNTQT', 'CL01137N', 'ESP22'),
	('D63WY', 'CL01555Z', 'ESP28'),
	('KJAUL', 'CL01010Z', 'ESP27'),
	('PGOO7', 'CL00328J', 'ESP18'),
	('OAST5', 'CL00809M', 'ESP07'),
	('WYGZD', 'CL01326E', 'ESP30'),
	('KK06G', 'CL00631S', 'ESP03'),
	('1JFR3', 'CL00805C', 'ESP12'),
	('LAKKI', 'CL01249F', 'ESP13'),
	('6PXD8', 'CL01886O', 'ESP10'),
	('20KPE', 'CL00747F', 'ESP09'),
	('Q1GFQ', 'CL00746O', 'ESP01'),
	('ZC6UM', 'CL01168C', 'ESP22'),
	('ARCL3', 'CL01136U', 'ESP28'),
	('5736E', 'CL01417J', 'ESP06'),
	('KX992', 'CL00834Q', 'ESP12'),
	('M9S7J', 'CL01689F', 'ESP01'),
	('2S1L0', 'CL00214W', 'ESP05'),
	('IWSNE', 'CL01235V', 'ESP27'),
	('0YBHG', 'CL01730X', 'ESP27'),
	('RGFCD', 'CL00479H', 'ESP12'),
	('ONDOL', 'CL01165L', 'ESP03'),
	('1HVSC', 'CL01071J', 'ESP22'),
	('8OQST', 'CL00457C', 'ESP22'),
	('NLQBW', 'CL01640T', 'ESP08'),
	('1BJU0', 'CL01021G', 'ESP12'),
	('8W4H9', 'CL01117Y', 'ESP22'),
	('KHKZ2', 'CL00086Y', 'ESP20'),
	('H2PEP', 'CL00912A', 'ESP01'),
	('L6D10', 'CL01746O', 'ESP29'),
	('RVUES', 'CL00460Z', 'ESP01'),
	('YD6OD', 'CL01666E', 'ESP18'),
	('A5FCJ', 'CL00771C', 'ESP08'),
	('FHN2V', 'CL01671D', 'ESP18'),
	('KQ7UT', 'CL01149Q', 'ESP17'),
	('SUKXM', 'CL00789N', 'ESP29'),
	('RPFNV', 'CL01886O', 'ESP30'),
	('K4389', 'CL01773W', 'ESP29'),
	('P7CF4', 'CL00854T', 'ESP12'),
	('O60VK', 'CL01497O', 'ESP10'),
	('KS3OB', 'CL00005B', 'ESP08'),
	('BYHE2', 'CL01750X', 'ESP15'),
	('WDUDS', 'CL01592N', 'ESP29'),
	('QH0PI', 'CL01704Y', 'ESP05'),
	('J6D78', 'CL01896C', 'ESP11'),
	('FM0QG', 'CL01581M', 'ESP07'),
	('LSSCW', 'CL00175M', 'ESP08'),
	('WE0WP', 'CL00217L', 'ESP17'),
	('0T9G8', 'CL00329X', 'ESP23'),
	('5OUAZ', 'CL00638J', 'ESP08'),
	('YRUIV', 'CL01666E', 'ESP30'),
	('MFO3J', 'CL00410A', 'ESP01'),
	('QSXUZ', 'CL00674E', 'ESP21'),
	('LDKNT', 'CL01026Y', 'ESP22'),
	('Y1NV8', 'CL01673F', 'ESP22'),
	('K8VG0', 'CL01332D', 'ESP11'),
	('TUXCA', 'CL00360F', 'ESP24'),
	('JWUQ8', 'CL01291X', 'ESP15'),
	('3HX76', 'CL01749P', 'ESP01'),
	('9D7SA', 'CL01452Q', 'ESP05'),
	('HAHY6', 'CL00322F', 'ESP16'),
	('T8X57', 'CL00686J', 'ESP22'),
	('LZP77', 'CL01234E', 'ESP10'),
	('AUQGN', 'CL01724V', 'ESP22'),
	('K7XFY', 'CL00910F', 'ESP07'),
	('615QC', 'CL01848M', 'ESP27'),
	('ELZTY', 'CL01379O', 'ESP20'),
	('S8R9R', 'CL00460Z', 'ESP19'),
	('S5WK8', 'CL00681A', 'ESP10'),
	('8LUZ1', 'CL00693R', 'ESP05'),
	('N8I32', 'CL00133S', 'ESP01'),
	('ORAO6', 'CL01180I', 'ESP09'),
	('PKXNZ', 'CL00997X', 'ESP16'),
	('PNQOQ', 'CL01904C', 'ESP12'),
	('NC1PN', 'CL00145B', 'ESP06'),
	('0XBFO', 'CL01494O', 'ESP16'),
	('M14H6', 'CL01998B', 'ESP11'),
	('WJON8', 'CL00163I', 'ESP22'),
	('OP14D', 'CL00152R', 'ESP08'),
	('LI7RA', 'CL01880J', 'ESP25'),
	('STDRX', 'CL00731O', 'ESP18'),
	('0BV07', 'CL01635E', 'ESP01'),
	('0UFM6', 'CL01994G', 'ESP09'),
	('BWZVL', 'CL00053V', 'ESP25'),
	('K7HAG', 'CL01108H', 'ESP26'),
	('GP90G', 'CL00224W', 'ESP22'),
	('1VHV6', 'CL01694T', 'ESP07'),
	('9YWSS', 'CL01520J', 'ESP19'),
	('LCEMW', 'CL00341E', 'ESP11'),
	('R9WY7', 'CL01642R', 'ESP07'),
	('ZCJ49', 'CL01957F', 'ESP05'),
	('DL2Y8', 'CL01456H', 'ESP23'),
	('KGEH0', 'CL00057P', 'ESP05'),
	('XFPJP', 'CL00975X', 'ESP22'),
	('S0SOD', 'CL00495N', 'ESP05'),
	('NOAXK', 'CL00915R', 'ESP11'),
	('VEEQV', 'CL00438E', 'ESP22'),
	('US9OC', 'CL01655S', 'ESP22'),
	('ZM3OT', 'CL00716C', 'ESP13'),
	('2ODFV', 'CL00478J', 'ESP12'),
	('WAWR6', 'CL00157X', 'ESP22'),
	('81K5A', 'CL01674Q', 'ESP12'),
	('XPXAX', 'CL00761N', 'ESP07'),
	('DYQDF', 'CL01503J', 'ESP22'),
	('AZ876', 'CL00818O', 'ESP28'),
	('9ORRD', 'CL01628T', 'ESP10'),
	('RC6JH', 'CL01235V', 'ESP12'),
	('2JUUU', 'CL01028D', 'ESP01'),
	('5RAIO', 'CL01017R', 'ESP05'),
	('GTD64', 'CL00949L', 'ESP02'),
	('DY4A0', 'CL00979I', 'ESP07'),
	('E02E8', 'CL00040P', 'ESP24'),
	('UVDGU', 'CL01598O', 'ESP23'),
	('UEL31', 'CL00108M', 'ESP16'),
	('B85H3', 'CL00960V', 'ESP09'),
	('KQUZQ', 'CL01540X', 'ESP11'),
	('K462B', 'CL01530H', 'ESP18'),
	('WQVQZ', 'CL01751A', 'ESP05'),
	('HGVMD', 'CL00935W', 'ESP07'),
	('1XS55', 'CL00883W', 'ESP25'),
	('R6Q6S', 'CL00047S', 'ESP01'),
	('7JHR0', 'CL01673F', 'ESP13'),
	('0Q106', 'CL01835E', 'ESP12'),
	('6ZP4W', 'CL00990M', 'ESP17'),
	('U315T', 'CL00435X', 'ESP05'),
	('AZYSF', 'CL01429W', 'ESP13'),
	('XPNNO', 'CL01066A', 'ESP08'),
	('ZEVY2', 'CL01412Z', 'ESP01'),
	('P53DM', 'CL00181T', 'ESP13'),
	('68QMC', 'CL00684F', 'ESP27'),
	('S9MHQ', 'CL01807D', 'ESP30'),
	('JSE2R', 'CL00967X', 'ESP09'),
	('5761C', 'CL01330G', 'ESP07'),
	('9EAC4', 'CL01694T', 'ESP07'),
	('8KGIQ', 'CL01281X', 'ESP05'),
	('U8IT4', 'CL01238G', 'ESP08'),
	('4J47A', 'CL00045R', 'ESP07'),
	('4B3M0', 'CL01736D', 'ESP22'),
	('SRED6', 'CL00144U', 'ESP19'),
	('WMZCX', 'CL01292T', 'ESP22'),
	('RC57V', 'CL01908D', 'ESP29'),
	('HQZ8B', 'CL00454P', 'ESP19'),
	('9VAZE', 'CL01051K', 'ESP06'),
	('I3IVR', 'CL00442Q', 'ESP22'),
	('GE79H', 'CL01256M', 'ESP15'),
	('21VCV', 'CL00501K', 'ESP11'),
	('8MEYK', 'CL01256M', 'ESP17'),
	('5ZZDT', 'CL01412Z', 'ESP14'),
	('I4GI3', 'CL01961T', 'ESP05'),
	('J0WR7', 'CL00700I', 'ESP29'),
	('DXZO0', 'CL00876Z', 'ESP10'),
	('9QJ08', 'CL00909N', 'ESP13'),
	('I8CT3', 'CL01809P', 'ESP15'),
	('6DQ8F', 'CL00997X', 'ESP12'),
	('SCF8P', 'CL01137N', 'ESP13'),
	('86FZQ', 'CL00133S', 'ESP18'),
	('8VLCM', 'CL01658R', 'ESP30'),
	('I34NK', 'CL01159Z', 'ESP16'),
	('SLLXH', 'CL00218V', 'ESP19'),
	('8FJWI', 'CL01523Y', 'ESP05'),
	('N4BWI', 'CL00088I', 'ESP20'),
	('D8B03', 'CL01395X', 'ESP01'),
	('SO4EA', 'CL00402K', 'ESP13'),
	('YYF6M', 'CL00001Z', 'ESP08'),
	('THYJT', 'CL00237S', 'ESP10'),
	('1O34Z', 'CL01555Z', 'ESP01'),
	('9HB26', 'CL01870J', 'ESP14'),
	('ZUY4F', 'CL01810E', 'ESP10'),
	('OVOUI', 'CL00509Y', 'ESP12'),
	('8C77J', 'CL01299V', 'ESP08'),
	('2OG6F', 'CL00668E', 'ESP17'),
	('Z78RH', 'CL00004G', 'ESP22'),
	('E7SC0', 'CL01207W', 'ESP23'),
	('1F76T', 'CL01721J', 'ESP14'),
	('0A3HD', 'CL01908D', 'ESP05'),
	('TX7JB', 'CL01627L', 'ESP01'),
	('LHJP5', 'CL00823V', 'ESP13'),
	('NO450', 'CL00185L', 'ESP07'),
	('REA85', 'CL01590D', 'ESP13'),
	('OBT4E', 'CL01160E', 'ESP07'),
	('D9EHB', 'CL00611W', 'ESP24'),
	('DFAFF', 'CL00960V', 'ESP03'),
	('6BN7R', 'CL01698E', 'ESP13'),
	('QDNXI', 'CL00595V', 'ESP30'),
	('6CDJS', 'CL01159Z', 'ESP15'),
	('EZ3UY', 'CL01291X', 'ESP13'),
	('2WWFW', 'CL01874K', 'ESP12'),
	('NFCFX', 'CL01497O', 'ESP13'),
	('3B6JA', 'CL01394W', 'ESP05'),
	('0NX4C', 'CL01973Z', 'ESP22'),
	('L2HCU', 'CL01688X', 'ESP15'),
	('1SVGM', 'CL00147S', 'ESP05'),
	('B5R83', 'CL01544P', 'ESP16'),
	('CFIM1', 'CL01786H', 'ESP05'),
	('059RD', 'CL01810E', 'ESP17'),
	('LZH01', 'CL01560J', 'ESP24'),
	('B8TS0', 'CL00359D', 'ESP13'),
	('LBU7C', 'CL00034K', 'ESP08'),
	('QL0F9', 'CL01910G', 'ESP16'),
	('OZHMO', 'CL01362P', 'ESP24'),
	('OCQEV', 'CL01499I', 'ESP01'),
	('KJZYS', 'CL01448X', 'ESP12'),
	('4XAU5', 'CL01360U', 'ESP13'),
	('N8S1L', 'CL01075N', 'ESP05'),
	('EJ54A', 'CL00268T', 'ESP18'),
	('FL7SP', 'CL01402M', 'ESP05'),
	('0DHLI', 'CL00269X', 'ESP13'),
	('5M33V', 'CL01692V', 'ESP13'),
	('C7A4C', 'CL00009C', 'ESP10'),
	('Y1PPK', 'CL01022E', 'ESP22'),
	('3KFBP', 'CL01707E', 'ESP20'),
	('BADKF', 'CL00191M', 'ESP07'),
	('HWL7O', 'CL00304H', 'ESP13'),
	('9MCI3', 'CL01797S', 'ESP15'),
	('HVF26', 'CL00500Y', 'ESP12'),
	('JFU0U', 'CL01790L', 'ESP28'),
	('SSJZE', 'CL01716G', 'ESP01'),
	('PE718', 'CL00847W', 'ESP18'),
	('M8W1U', 'CL01284B', 'ESP06'),
	('MKBFN', 'CL01248L', 'ESP15'),
	('2CSVT', 'CL00327Q', 'ESP01'),
	('2RAWZ', 'CL00501K', 'ESP30'),
	('GE3BJ', 'CL01146I', 'ESP18'),
	('IAO69', 'CL01649G', 'ESP05'),
	('MT1QT', 'CL01009L', 'ESP29'),
	('TUBJ8', 'CL01358X', 'ESP29'),
	('4ZBIY', 'CL00439E', 'ESP22'),
	('POTWQ', 'CL00649N', 'ESP18'),
	('4XZ1Z', 'CL00790D', 'ESP01'),
	('GFF67', 'CL00552V', 'ESP20'),
	('XQ06R', 'CL00858K', 'ESP27'),
	('J8R8H', 'CL01415N', 'ESP24'),
	('HK1EZ', 'CL00380B', 'ESP10'),
	('3ROA6', 'CL01641K', 'ESP12'),
	('0P27J', 'CL00662G', 'ESP09'),
	('S6WPZ', 'CL00396T', 'ESP18'),
	('0I1AA', 'CL01859J', 'ESP18'),
	('9C484', 'CL01421Y', 'ESP10'),
	('FLCU4', 'CL00703C', 'ESP15'),
	('N3MF0', 'CL00884J', 'ESP15'),
	('OIQJ1', 'CL01603E', 'ESP28'),
	('HO61A', 'CL01657J', 'ESP13'),
	('DODCO', 'CL00321H', 'ESP05'),
	('JSJ5Z', 'CL00649N', 'ESP23'),
	('QEP2E', 'CL00837M', 'ESP11'),
	('6WP7M', 'CL01019Z', 'ESP12'),
	('VTLED', 'CL00565T', 'ESP12'),
	('62CBT', 'CL00908Q', 'ESP15'),
	('Y7U9D', 'CL01918A', 'ESP13'),
	('S7S0X', 'CL00273Q', 'ESP08'),
	('CZEHJ', 'CL00917K', 'ESP20'),
	('ME147', 'CL00339B', 'ESP12'),
	('SCXC9', 'CL01567E', 'ESP01'),
	('WAJLK', 'CL01499I', 'ESP29'),
	('YIMIR', 'CL00896A', 'ESP22'),
	('L5SUR', 'CL01917F', 'ESP15'),
	('4F6Q1', 'CL00225Q', 'ESP10'),
	('898T0', 'CL00789N', 'ESP17'),
	('S6DVR', 'CL00018Y', 'ESP01'),
	('9UOAD', 'CL01504Y', 'ESP01'),
	('XW5IK', 'CL01415N', 'ESP13'),
	('0VUOC', 'CL01751A', 'ESP15'),
	('U38RB', 'CL00893T', 'ESP14'),
	('9LQTP', 'CL01785G', 'ESP12'),
	('BY5MO', 'CL01895N', 'ESP19'),
	('2SB49', 'CL00866D', 'ESP01'),
	('TMD85', 'CL01605W', 'ESP13'),
	('X0OK9', 'CL00927P', 'ESP15'),
	('7J5DG', 'CL01454B', 'ESP05'),
	('EHF6W', 'CL01513N', 'ESP14'),
	('JR0SZ', 'CL01717I', 'ESP05'),
	('LLAHR', 'CL01758G', 'ESP23'),
	('Y70TJ', 'CL00691E', 'ESP17'),
	('KSMND', 'CL01490W', 'ESP01'),
	('Q0NL3', 'CL00531E', 'ESP05'),
	('PLVJC', 'CL01234E', 'ESP23'),
	('K84XO', 'CL00484S', 'ESP27'),
	('5HQ6N', 'CL00742Y', 'ESP11'),
	('BYHL6', 'CL01454B', 'ESP13'),
	('4ZJPS', 'CL00394H', 'ESP23'),
	('6BWRK', 'CL01156E', 'ESP15'),
	('69TWW', 'CL01751A', 'ESP15'),
	('S1YAL', 'CL01750X', 'ESP23'),
	('0R9J5', 'CL00385C', 'ESP23'),
	('TVVCP', 'CL01181T', 'ESP11'),
	('2Q2XK', 'CL01440Y', 'ESP29'),
	('TZUWO', 'CL01425K', 'ESP22'),
	('SODX4', 'CL01692V', 'ESP07'),
	('8D708', 'CL00261H', 'ESP20'),
	('JFDDT', 'CL01715S', 'ESP15'),
	('0HHQI', 'CL01601G', 'ESP27'),
	('TUCQM', 'CL01112M', 'ESP16'),
	('V5C04', 'CL00529S', 'ESP04'),
	('YWNC9', 'CL01191S', 'ESP29'),
	('W66NX', 'CL01319C', 'ESP12'),
	('LHMTH', 'CL01620U', 'ESP13'),
	('2JFYG', 'CL01555Z', 'ESP10'),
	('VRYV6', 'CL01053U', 'ESP22'),
	('X01DT', 'CL01535S', 'ESP06'),
	('BG82Z', 'CL00481G', 'ESP26'),
	('WCE7U', 'CL00312N', 'ESP07'),
	('KD3TB', 'CL00446O', 'ESP01'),
	('7AKLF', 'CL00643V', 'ESP28'),
	('CG1JA', 'CL01147B', 'ESP29'),
	('W1DOH', 'CL01480I', 'ESP07'),
	('QWD40', 'CL01302P', 'ESP26'),
	('E7Y9A', 'CL01210Z', 'ESP29'),
	('OW2FE', 'CL00925W', 'ESP16'),
	('J72LC', 'CL01868T', 'ESP28'),
	('OXIMQ', 'CL01751A', 'ESP29'),
	('E5220', 'CL00534G', 'ESP03'),
	('VZIOR', 'CL01286I', 'ESP10'),
	('B67ZV', 'CL01868T', 'ESP01'),
	('7FM7E', 'CL00888T', 'ESP17'),
	('19BGF', 'CL01704Y', 'ESP13'),
	('9KO2I', 'CL00620J', 'ESP27'),
	('EBBLE', 'CL00072S', 'ESP22'),
	('UIBYM', 'CL01043V', 'ESP05'),
	('HQYSH', 'CL01083K', 'ESP11'),
	('BWNHU', 'CL00308M', 'ESP01'),
	('WOTLX', 'CL00175M', 'ESP29'),
	('NYOED', 'CL01234E', 'ESP22'),
	('3FRKG', 'CL00032A', 'ESP20'),
	('G6PEG', 'CL00467V', 'ESP10'),
	('UZG32', 'CL00486R', 'ESP13'),
	('2FJJU', 'CL00864K', 'ESP14'),
	('JAV0O', 'CL00492U', 'ESP22'),
	('65701', 'CL00903G', 'ESP01'),
	('M0J8S', 'CL01986B', 'ESP01'),
	('LIXGR', 'CL01123P', 'ESP01'),
	('VMHAS', 'CL00467V', 'ESP30'),
	('G8HEE', 'CL01673F', 'ESP19'),
	('DUOBB', 'CL00304H', 'ESP26'),
	('Y6XO5', 'CL01070J', 'ESP22'),
	('9RM6X', 'CL01358X', 'ESP20'),
	('WHGPE', 'CL01069L', 'ESP14'),
	('TBEHN', 'CL01067G', 'ESP11'),
	('TDFSB', 'CL00769Z', 'ESP05'),
	('G3RAD', 'CL00171Q', 'ESP27'),
	('71H1C', 'CL00239A', 'ESP20'),
	('Y4NHM', 'CL00114I', 'ESP20'),
	('7EHQO', 'CL00432A', 'ESP12'),
	('93KWJ', 'CL01111S', 'ESP01'),
	('QJYAM', 'CL00854T', 'ESP20'),
	('58U58', 'CL00149F', 'ESP02'),
	('4HKC4', 'CL01750X', 'ESP13'),
	('H5R8E', 'CL00437E', 'ESP05'),
	('G705Y', 'CL00475B', 'ESP10'),
	('PZNSB', 'CL00066U', 'ESP29'),
	('MFC7R', 'CL00995N', 'ESP27'),
	('2AAAM', 'CL01136U', 'ESP09'),
	('T8ME3', 'CL01994G', 'ESP11'),
	('MXLMH', 'CL00184Z', 'ESP16'),
	('1W11H', 'CL01261I', 'ESP20'),
	('HLJIO', 'CL00193G', 'ESP08'),
	('2C809', 'CL01944Z', 'ESP13'),
	('BAF7F', 'CL01820J', 'ESP13'),
	('2KHEI', 'CL00700I', 'ESP01'),
	('CG64B', 'CL00960V', 'ESP12'),
	('W01H0', 'CL00481G', 'ESP26'),
	('9FJOS', 'CL00992S', 'ESP05'),
	('A6ENF', 'CL00978J', 'ESP28'),
	('GMQOP', 'CL00876Z', 'ESP19'),
	('KF0WQ', 'CL00686J', 'ESP06'),
	('LUR28', 'CL01110O', 'ESP01'),
	('1G60D', 'CL01266I', 'ESP18'),
	('IMQCY', 'CL00963W', 'ESP26'),
	('LZ3OB', 'CL01210Z', 'ESP01'),
	('ZN1S8', 'CL00571Z', 'ESP07'),
	('ZL19Q', 'CL00191M', 'ESP23'),
	('K5TSM', 'CL01813M', 'ESP22'),
	('DQRCB', 'CL00256J', 'ESP01'),
	('OSSFN', 'CL00512R', 'ESP22'),
	('AMRM8', 'CL01405Z', 'ESP17'),
	('R4XZV', 'CL01358X', 'ESP05'),
	('QHP2U', 'CL01922T', 'ESP18'),
	('EBCE9', 'CL00717I', 'ESP18'),
	('NT12Q', 'CL00930W', 'ESP13'),
	('RMULB', 'CL01955O', 'ESP07'),
	('JN4TM', 'CL01759E', 'ESP22'),
	('6RQAC', 'CL01873F', 'ESP14'),
	('4VT5J', 'CL00971R', 'ESP15'),
	('613XO', 'CL00796V', 'ESP15'),
	('FUC6L', 'CL01707E', 'ESP23'),
	('324QN', 'CL01592N', 'ESP01'),
	('4157U', 'CL00230N', 'ESP15'),
	('I334R', 'CL00580Q', 'ESP14'),
	('UTSCB', 'CL00623N', 'ESP10'),
	('W6XFY', 'CL01163I', 'ESP13'),
	('CPCM4', 'CL01752I', 'ESP26'),
	('F6OFZ', 'CL01469Y', 'ESP07'),
	('SVSRR', 'CL00128W', 'ESP30'),
	('QVTFE', 'CL00913B', 'ESP01'),
	('5OCIQ', 'CL00518F', 'ESP05'),
	('WD4Z7', 'CL01249F', 'ESP12'),
	('TISX1', 'CL00534G', 'ESP12'),
	('JT50F', 'CL01200Z', 'ESP14'),
	('YGSXG', 'CL00698D', 'ESP07'),
	('VP8XG', 'CL01583N', 'ESP22'),
	('YSTL8', 'CL01384M', 'ESP23'),
	('K7J67', 'CL00975X', 'ESP13'),
	('8M1GT', 'CL00585F', 'ESP01'),
	('BWT09', 'CL01753G', 'ESP10'),
	('QVD2W', 'CL00058Q', 'ESP07'),
	('EXO4M', 'CL00512R', 'ESP23'),
	('N3PVS', 'CL00386M', 'ESP01'),
	('O5XIS', 'CL01676I', 'ESP09'),
	('8UQTD', 'CL00920E', 'ESP17'),
	('E3EIE', 'CL00610K', 'ESP13'),
	('QXTXO', 'CL00539H', 'ESP08'),
	('B2603', 'CL01710N', 'ESP24'),
	('MRRNC', 'CL01146I', 'ESP24'),
	('IURGJ', 'CL01047C', 'ESP03'),
	('0CINK', 'CL00446O', 'ESP13'),
	('9VEWL', 'CL01530H', 'ESP30'),
	('SLHUO', 'CL00034K', 'ESP14'),
	('PZZQU', 'CL01512I', 'ESP14'),
	('JXCYD', 'CL01848M', 'ESP07'),
	('45WEZ', 'CL01976G', 'ESP27'),
	('V9M9M', 'CL01922T', 'ESP25'),
	('QPBZH', 'CL01514S', 'ESP07'),
	('0VL4N', 'CL01865I', 'ESP16'),
	('14Q6Z', 'CL00819J', 'ESP16'),
	('35IVV', 'CL00543L', 'ESP15'),
	('69QYC', 'CL00679M', 'ESP05'),
	('HSOM7', 'CL01757H', 'ESP05'),
	('249PW', 'CL00475B', 'ESP15'),
	('TSQC4', 'CL00790D', 'ESP11'),
	('GE2CA', 'CL01880J', 'ESP27'),
	('QL4H6', 'CL00185L', 'ESP13'),
	('AXLJR', 'CL00784G', 'ESP18'),
	('KQVRL', 'CL01181T', 'ESP30'),
	('9KUUT', 'CL01367Z', 'ESP14'),
	('9FTCE', 'CL01856H', 'ESP28'),
	('1Z84Z', 'CL00316R', 'ESP29'),
	('R9D1M', 'CL00467V', 'ESP13'),
	('6DBKQ', 'CL00893T', 'ESP26'),
	('HZZBV', 'CL01502K', 'ESP15'),
	('45F4E', 'CL01554Q', 'ESP08'),
	('WAW2M', 'CL00673R', 'ESP16'),
	('F81E1', 'CL01865I', 'ESP09'),
	('R59QJ', 'CL00386M', 'ESP18'),
	('2U9ZI', 'CL01692V', 'ESP22'),
	('NR0PE', 'CL00541P', 'ESP07'),
	('USCO9', 'CL01998B', 'ESP14'),
	('H0NC2', 'CL00239A', 'ESP07'),
	('91GXJ', 'CL01880J', 'ESP19'),
	('SUJS5', 'CL00998X', 'ESP22'),
	('BVM5O', 'CL01028D', 'ESP20'),
	('E619V', 'CL00135B', 'ESP22'),
	('B7K67', 'CL00614M', 'ESP22'),
	('20ZEA', 'CL00144U', 'ESP30'),
	('L7GDP', 'CL00967X', 'ESP24'),
	('CFI01', 'CL00742Y', 'ESP13'),
	('APWNW', 'CL00893T', 'ESP11'),
	('PGZ2R', 'CL00824S', 'ESP12'),
	('JYGR6', 'CL01818Q', 'ESP16'),
	('E8V4K', 'CL00110W', 'ESP27'),
	('0VZJM', 'CL01604C', 'ESP01'),
	('307X7', 'CL01774V', 'ESP05'),
	('Z6IBR', 'CL00960V', 'ESP28'),
	('FMCQ4', 'CL01503J', 'ESP07'),
	('5QW22', 'CL00596Z', 'ESP01'),
	('E4VN7', 'CL01904C', 'ESP20'),
	('Z6I4B', 'CL01820J', 'ESP22'),
	('Q5EVB', 'CL01427S', 'ESP22'),
	('3T8IV', 'CL00501K', 'ESP15'),
	('WQ644', 'CL00646B', 'ESP11'),
	('ZMB96', 'CL01851V', 'ESP11'),
	('ICYAL', 'CL00202C', 'ESP18'),
	('KPN74', 'CL00585F', 'ESP07'),
	('3ASMV', 'CL01663Y', 'ESP12'),
	('1OKRC', 'CL01751A', 'ESP29'),
	('77S5Q', 'CL00029F', 'ESP21'),
	('G3WXW', 'CL00915R', 'ESP24'),
	('SE80B', 'CL01978Z', 'ESP17'),
	('NARWB', 'CL01642R', 'ESP26'),
	('PQ35H', 'CL00725W', 'ESP08'),
	('3ZMJ2', 'CL01130L', 'ESP08'),
	('JPKAA', 'CL00895K', 'ESP23'),
	('55868', 'CL01747A', 'ESP11'),
	('HXDMU', 'CL00956K', 'ESP11'),
	('OY7UR', 'CL01569G', 'ESP08'),
	('JBT1R', 'CL01486R', 'ESP11'),
	('F1IP0', 'CL00269X', 'ESP22'),
	('HXO4V', 'CL01988G', 'ESP29'),
	('VV5PL', 'CL00600A', 'ESP05'),
	('5LWUT', 'CL01011O', 'ESP23'),
	('QV8JU', 'CL01169Q', 'ESP05'),
	('B3XN7', 'CL00088I', 'ESP12'),
	('TB6AL', 'CL00346E', 'ESP20'),
	('I3GV3', 'CL01597H', 'ESP29'),
	('QJ4OP', 'CL00964Y', 'ESP18'),
	('V8IXF', 'CL01167J', 'ESP13'),
	('S8D7H', 'CL00564X', 'ESP13'),
	('MHQY9', 'CL01609D', 'ESP17'),
	('PUR67', 'CL00875L', 'ESP30'),
	('QWN0W', 'CL00876Z', 'ESP20'),
	('UW4KU', 'CL01172G', 'ESP12'),
	('96AX3', 'CL01579K', 'ESP15'),
	('DXILJ', 'CL01671D', 'ESP18'),
	('IQLY5', 'CL01946I', 'ESP16'),
	('MO2P0', 'CL00136J', 'ESP12'),
	('Q4D8K', 'CL00877X', 'ESP13'),
	('ELXLA', 'CL01651G', 'ESP21'),
	('MF3K4', 'CL00878A', 'ESP22'),
	('SAHXJ', 'CL01755A', 'ESP01'),
	('I8X85', 'CL00736C', 'ESP01'),
	('KJIB8', 'CL00421X', 'ESP17'),
	('962N5', 'CL01692V', 'ESP07'),
	('9QOUK', 'CL00240J', 'ESP08'),
	('F9KXD', 'CL01952T', 'ESP28'),
	('YJGXY', 'CL01870J', 'ESP22'),
	('BWZR1', 'CL01110O', 'ESP13'),
	('M7MRT', 'CL00108M', 'ESP13'),
	('LAK7O', 'CL00345D', 'ESP12'),
	('PUHWB', 'CL01390R', 'ESP18'),
	('ADESD', 'CL01502K', 'ESP07'),
	('9ON12', 'CL00817T', 'ESP06'),
	('SI4FK', 'CL01112M', 'ESP28'),
	('FOE8K', 'CL01354X', 'ESP01'),
	('FH86D', 'CL00746O', 'ESP01'),
	('YE2BW', 'CL01569G', 'ESP23'),
	('OFD43', 'CL01845I', 'ESP29'),
	('5CA46', 'CL00614M', 'ESP19'),
	('YR4LH', 'CL00457C', 'ESP07'),
	('CIN6U', 'CL00845U', 'ESP15'),
	('6WWWK', 'CL00425J', 'ESP07'),
	('3V41W', 'CL01896C', 'ESP01'),
	('ZH6YM', 'CL01935O', 'ESP20'),
	('6ACIB', 'CL00045R', 'ESP22'),
	('3A12K', 'CL01791E', 'ESP15'),
	('W6ESQ', 'CL00305T', 'ESP13'),
	('Q6CUY', 'CL01677A', 'ESP14'),
	('AZE1H', 'CL01851V', 'ESP27'),
	('QP4YM', 'CL00455J', 'ESP18'),
	('1IHKQ', 'CL00068F', 'ESP23'),
	('IGX75', 'CL01027T', 'ESP22'),
	('PZ9ZL', 'CL01384M', 'ESP13'),
	('ZTYYZ', 'CL00944V', 'ESP22'),
	('J7I3N', 'CL00688Y', 'ESP28'),
	('3ZTYW', 'CL01128D', 'ESP23'),
	('LRO76', 'CL00394H', 'ESP18'),
	('4TYCG', 'CL01722T', 'ESP01'),
	('5R64E', 'CL01182Q', 'ESP01'),
	('RKC7J', 'CL01594O', 'ESP13'),
	('AQ4XJ', 'CL00633C', 'ESP13'),
	('HN7A1', 'CL00021F', 'ESP20'),
	('PYW2Z', 'CL00858K', 'ESP07'),
	('RRQ5F', 'CL01820J', 'ESP05'),
	('XIHW1', 'CL00001Z', 'ESP12'),
	('4L15F', 'CL00420I', 'ESP18'),
	('HI53B', 'CL01385A', 'ESP08'),
	('4PM53', 'CL00889Y', 'ESP13'),
	('QJKOU', 'CL01937T', 'ESP18'),
	('BYLMO', 'CL01486R', 'ESP28'),
	('BZ8V6', 'CL01275T', 'ESP11'),
	('8U2DL', 'CL01423J', 'ESP23'),
	('OK6R0', 'CL00349U', 'ESP13'),
	('ZJESL', 'CL01074Q', 'ESP12'),
	('URK17', 'CL01414E', 'ESP01'),
	('GMZKN', 'CL00501K', 'ESP01'),
	('242U8', 'CL00971R', 'ESP11'),
	('P10CO', 'CL00621L', 'ESP19'),
	('6T95H', 'CL01013P', 'ESP05'),
	('SAS2P', 'CL00783C', 'ESP13'),
	('XWCME', 'CL00566E', 'ESP15'),
	('NAZJD', 'CL01982I', 'ESP30'),
	('4KI0E', 'CL00633C', 'ESP15'),
	('9GLQI', 'CL00789N', 'ESP04'),
	('CY0JI', 'CL00088I', 'ESP15'),
	('MI9NZ', 'CL01062F', 'ESP21'),
	('OEDOF', 'CL01235V', 'ESP11'),
	('XFM84', 'CL01713D', 'ESP04'),
	('K6CJO', 'CL00686J', 'ESP29'),
	('YSXPZ', 'CL00741W', 'ESP13'),
	('H1P7F', 'CL00475B', 'ESP11'),
	('CN03N', 'CL01021G', 'ESP10'),
	('KSN8F', 'CL01832C', 'ESP18'),
	('FB5SK', 'CL00388O', 'ESP12'),
	('3IABR', 'CL00600A', 'ESP13'),
	('LDWEK', 'CL00138Q', 'ESP05'),
	('FRJ4P', 'CL00372M', 'ESP07'),
	('ZHLSU', 'CL00286T', 'ESP22'),
	('3GCDB', 'CL00030K', 'ESP09'),
	('4GSGI', 'CL01066A', 'ESP30'),
	('VQG4H', 'CL00630D', 'ESP02'),
	('59T9W', 'CL00242H', 'ESP17'),
	('AW5FB', 'CL01824R', 'ESP07'),
	('84905', 'CL01215I', 'ESP13'),
	('W8EB0', 'CL01387B', 'ESP07'),
	('6RQ75', 'CL01537Q', 'ESP16'),
	('0CGRJ', 'CL01017R', 'ESP05'),
	('64UTB', 'CL00769Z', 'ESP01'),
	('H0Q8Y', 'CL00509Y', 'ESP15'),
	('CKSMU', 'CL00463C', 'ESP02'),
	('GK5HC', 'CL00552V', 'ESP22'),
	('62YJ2', 'CL00193G', 'ESP20'),
	('RANL6', 'CL01224B', 'ESP07'),
	('NC8BF', 'CL01735I', 'ESP03'),
	('UXNKZ', 'CL01062F', 'ESP04'),
	('ZFX12', 'CL00552V', 'ESP12'),
	('MJ9LQ', 'CL01786H', 'ESP20'),
	('NEB6X', 'CL01296H', 'ESP17'),
	('CBAZY', 'CL01110O', 'ESP04'),
	('S5YAI', 'CL01155H', 'ESP28'),
	('WKGN3', 'CL01276Y', 'ESP11'),
	('ULBQM', 'CL01906C', 'ESP07'),
	('ZEC14', 'CL01235V', 'ESP15'),
	('HAQOS', 'CL01093O', 'ESP01'),
	('CH20D', 'CL00018Y', 'ESP01'),
	('QP88C', 'CL01584K', 'ESP12'),
	('SBE77', 'CL01807D', 'ESP17'),
	('E1L2V', 'CL01982I', 'ESP09'),
	('L9BIS', 'CL01522N', 'ESP01'),
	('L4LDM', 'CL01605W', 'ESP10'),
	('F564W', 'CL01671D', 'ESP12'),
	('DU27V', 'CL00928I', 'ESP01'),
	('223S2', 'CL00142L', 'ESP28'),
	('B944C', 'CL00554L', 'ESP08'),
	('9A105', 'CL00515U', 'ESP12'),
	('0AUBZ', 'CL01645Q', 'ESP06'),
	('AY01O', 'CL00036A', 'ESP08'),
	('Y4Q11', 'CL01363O', 'ESP20'),
	('VU9AM', 'CL01550P', 'ESP18'),
	('J7KB6', 'CL01751A', 'ESP10'),
	('ADVRN', 'CL01311B', 'ESP20'),
	('CHG07', 'CL00566E', 'ESP13'),
	('DWYSL', 'CL01470V', 'ESP05'),
	('0KONI', 'CL00327Q', 'ESP22'),
	('XDJ7X', 'CL00467V', 'ESP22'),
	('MBZJ4', 'CL00571Z', 'ESP07'),
	('EG6M3', 'CL00109V', 'ESP12'),
	('D3BJM', 'CL00889Y', 'ESP26'),
	('F4J4Q', 'CL01534G', 'ESP17'),
	('T37KS', 'CL01889R', 'ESP13'),
	('XMNLO', 'CL00134L', 'ESP22'),
	('JJD0K', 'CL01205T', 'ESP18'),
	('GYD9G', 'CL01601G', 'ESP14'),
	('36G09', 'CL01667U', 'ESP19'),
	('U16BZ', 'CL01887S', 'ESP07'),
	('PC8JO', 'CL00191M', 'ESP01'),
	('XJS2S', 'CL00517F', 'ESP02'),
	('88OVT', 'CL01276Y', 'ESP29'),
	('Q649E', 'CL00425J', 'ESP10'),
	('2HFX7', 'CL00128W', 'ESP20'),
	('UCA4Z', 'CL01723A', 'ESP04'),
	('53S81', 'CL01880J', 'ESP17'),
	('QI73X', 'CL00046T', 'ESP12'),
	('GNR29', 'CL01986B', 'ESP22'),
	('M8UK1', 'CL00757U', 'ESP22'),
	('LL77Y', 'CL00823V', 'ESP12'),
	('6AJIP', 'CL01727B', 'ESP07'),
	('KILLR', 'CL01476I', 'ESP29'),
	('6RWYO', 'CL00543L', 'ESP10'),
	('HCPH8', 'CL01323V', 'ESP28'),
	('6IYFZ', 'CL01886O', 'ESP07'),
	('W2Q6G', 'CL01475Y', 'ESP17'),
	('7C8QD', 'CL01671D', 'ESP22'),
	('NS6AM', 'CL01694T', 'ESP05'),
	('KB4SA', 'CL00648Z', 'ESP12'),
	('QQESU', 'CL00421X', 'ESP22'),
	('COZ6I', 'CL01561G', 'ESP14'),
	('YK34V', 'CL00303L', 'ESP29'),
	('2JMUP', 'CL01324D', 'ESP07'),
	('EVGB9', 'CL00600A', 'ESP12'),
	('SM7K6', 'CL00386M', 'ESP12'),
	('ZCX3H', 'CL00038I', 'ESP18'),
	('AA10S', 'CL01658R', 'ESP03'),
	('2FORX', 'CL01010Z', 'ESP05'),
	('737IQ', 'CL01761U', 'ESP18'),
	('DD7PG', 'CL01634Y', 'ESP17'),
	('8UQ8V', 'CL01656V', 'ESP28'),
	('UZ891', 'CL00032A', 'ESP10'),
	('WEWTQ', 'CL01354X', 'ESP17'),
	('KTORG', 'CL00674E', 'ESP24'),
	('JZ9AY', 'CL00157X', 'ESP24'),
	('10JX9', 'CL00360F', 'ESP10'),
	('D3BV9', 'CL00240J', 'ESP22'),
	('JLOXL', 'CL00833C', 'ESP22'),
	('PB9PN', 'CL00832Y', 'ESP01'),
	('QFJ0C', 'CL01543M', 'ESP13'),
	('6LF0M', 'CL00651I', 'ESP08'),
	('Q35E9', 'CL00673R', 'ESP25'),
	('31EF4', 'CL00840N', 'ESP13'),
	('HRWQY', 'CL01724V', 'ESP29'),
	('ZIJYE', 'CL00700I', 'ESP07'),
	('A1147', 'CL01307U', 'ESP29'),
	('N4IGG', 'CL01989O', 'ESP01'),
	('2TJAT', 'CL00204V', 'ESP22'),
	('5VO3S', 'CL00394H', 'ESP08'),
	('XFTB0', 'CL01952T', 'ESP15'),
	('D9OML', 'CL01917F', 'ESP14'),
	('5I4WT', 'CL01571J', 'ESP13'),
	('URVZI', 'CL00444C', 'ESP10'),
	('YXN6Z', 'CL00942P', 'ESP01'),
	('JPDT8', 'CL00333G', 'ESP26'),
	('DIKWZ', 'CL01592N', 'ESP16'),
	('NFQ3O', 'CL00425J', 'ESP01'),
	('VNECJ', 'CL00321H', 'ESP01'),
	('V9WVI', 'CL01528O', 'ESP29'),
	('CABVZ', 'CL00755V', 'ESP13'),
	('MS6WI', 'CL00377Y', 'ESP04'),
	('NKP6K', 'CL00557F', 'ESP20'),
	('P5QTU', 'CL01852Z', 'ESP13'),
	('BU7VP', 'CL00451D', 'ESP08'),
	('GW7WY', 'CL00988U', 'ESP03'),
	('LSJ7K', 'CL01930C', 'ESP15'),
	('93ZH9', 'CL01721J', 'ESP05'),
	('83S0F', 'CL00401N', 'ESP01'),
	('T24NP', 'CL01998B', 'ESP27'),
	('VRVDU', 'CL00880N', 'ESP01'),
	('TFAQX', 'CL01594O', 'ESP10'),
	('ZTXD0', 'CL00477O', 'ESP01'),
	('X9VHT', 'CL00786F', 'ESP14'),
	('5VYW3', 'CL00141Q', 'ESP13'),
	('V6P9O', 'CL01437J', 'ESP05'),
	('E54T5', 'CL01417J', 'ESP19'),
	('MNC9F', 'CL01677A', 'ESP10'),
	('5QZSC', 'CL01870J', 'ESP13'),
	('RRROZ', 'CL01923X', 'ESP01'),
	('THN2C', 'CL01766Q', 'ESP18'),
	('OSMYO', 'CL01973Z', 'ESP29'),
	('FT04H', 'CL00954I', 'ESP01'),
	('SGSX8', 'CL00430E', 'ESP01'),
	('HVYY8', 'CL01066A', 'ESP07'),
	('LEJ8H', 'CL01058U', 'ESP28'),
	('A87OR', 'CL00755V', 'ESP27'),
	('OB1J9', 'CL01693H', 'ESP24'),
	('6TE0R', 'CL01021G', 'ESP07'),
	('6R52K', 'CL01676I', 'ESP11'),
	('BH5OO', 'CL01747A', 'ESP01'),
	('A6TDA', 'CL00681A', 'ESP12'),
	('RYSTM', 'CL00879R', 'ESP22'),
	('6XIGN', 'CL00600A', 'ESP01'),
	('C3ZX4', 'CL00212B', 'ESP14'),
	('2QELL', 'CL01749P', 'ESP01'),
	('E0NCV', 'CL00936R', 'ESP14'),
	('39XG4', 'CL01050N', 'ESP12'),
	('JSIEP', 'CL00673R', 'ESP19'),
	('B072S', 'CL01361E', 'ESP16'),
	('82ERT', 'CL00136J', 'ESP10'),
	('4NKBQ', 'CL00566E', 'ESP01'),
	('2SQRO', 'CL01509Y', 'ESP27'),
	('L09CD', 'CL00792C', 'ESP07'),
	('IVHMC', 'CL01750X', 'ESP28'),
	('OOR3Z', 'CL00537A', 'ESP07'),
	('WTCPR', 'CL00854T', 'ESP16'),
	('PSMDQ', 'CL01156E', 'ESP03'),
	('X6ALB', 'CL01931O', 'ESP05'),
	('1YLCQ', 'CL00902V', 'ESP22'),
	('5N2WW', 'CL00984Z', 'ESP25'),
	('JP7JV', 'CL01276Y', 'ESP01'),
	('4U1GI', 'CL01235V', 'ESP13'),
	('XBJ36', 'CL00047S', 'ESP13'),
	('Z26BD', 'CL00254A', 'ESP01'),
	('8YVZU', 'CL00191M', 'ESP02'),
	('63EHR', 'CL01649G', 'ESP12'),
	('12V2B', 'CL00396T', 'ESP22'),
	('9Z1Y5', 'CL01573F', 'ESP08'),
	('0VNEE', 'CL00240J', 'ESP16'),
	('H3EAL', 'CL00779F', 'ESP05'),
	('QO3DM', 'CL01239A', 'ESP14'),
	('N7P8C', 'CL00785I', 'ESP07'),
	('P6SVZ', 'CL01006X', 'ESP13'),
	('SD3OO', 'CL01807D', 'ESP22'),
	('89MI9', 'CL00469Y', 'ESP24'),
	('H27N6', 'CL00207T', 'ESP01'),
	('ACH5W', 'CL01544P', 'ESP22'),
	('6VGNN', 'CL00509Y', 'ESP18'),
	('198IN', 'CL00127K', 'ESP01'),
	('DYDBR', 'CL01626R', 'ESP11'),
	('I7MBC', 'CL01379O', 'ESP05'),
	('BU27C', 'CL00621L', 'ESP22'),
	('FPO0W', 'CL00420I', 'ESP12'),
	('IF8TQ', 'CL01642R', 'ESP12'),
	('83MX6', 'CL01825C', 'ESP20'),
	('XNJ6R', 'CL01252A', 'ESP20'),
	('VD9K6', 'CL00401N', 'ESP10'),
	('RXB2H', 'CL01089R', 'ESP05'),
	('QGNHW', 'CL01221D', 'ESP01'),
	('4XS1U', 'CL01312Q', 'ESP12'),
	('I3E7A', 'CL00023I', 'ESP07'),
	('MHV1A', 'CL00486R', 'ESP18'),
	('93SFT', 'CL01703U', 'ESP22'),
	('9QBNC', 'CL00355B', 'ESP19'),
	('03RSM', 'CL01029J', 'ESP20'),
	('IPVGK', 'CL00896A', 'ESP10'),
	('I2V5H', 'CL00360F', 'ESP01'),
	('RG827', 'CL00543L', 'ESP25'),
	('1WHMY', 'CL00651I', 'ESP01'),
	('INGWS', 'CL00769Z', 'ESP06'),
	('JCIB4', 'CL01724V', 'ESP30'),
	('05MWC', 'CL00700I', 'ESP13'),
	('9GKPX', 'CL01761U', 'ESP08'),
	('LGZZK', 'CL01870J', 'ESP05'),
	('4NQEK', 'CL00679M', 'ESP11'),
	('I7H7Y', 'CL00337Q', 'ESP13'),
	('QXC7Y', 'CL00964Y', 'ESP01'),
	('DL9ZV', 'CL01604C', 'ESP20'),
	('L2Y3V', 'CL00151M', 'ESP05'),
	('1G29E', 'CL00383I', 'ESP16'),
	('KTDA4', 'CL00686J', 'ESP11'),
	('NLANI', 'CL00438E', 'ESP23'),
	('SP2QN', 'CL01996E', 'ESP12'),
	('TMVW7', 'CL01235V', 'ESP05'),
	('MVORX', 'CL00178B', 'ESP16'),
	('83KDE', 'CL00679M', 'ESP26'),
	('KHZUN', 'CL01707E', 'ESP12'),
	('O74VL', 'CL01854R', 'ESP05'),
	('7ZEDW', 'CL01584K', 'ESP01'),
	('LJ0R2', 'CL01965F', 'ESP01'),
	('95YFE', 'CL01640T', 'ESP13'),
	('ALEUZ', 'CL01352O', 'ESP12'),
	('4TVUS', 'CL01305S', 'ESP30'),
	('RNWLT', 'CL00425J', 'ESP10'),
	('RNXJM', 'CL01929I', 'ESP01'),
	('2LZMB', 'CL01172G', 'ESP09'),
	('W2W69', 'CL00224W', 'ESP06'),
	('NTZZL', 'CL00250X', 'ESP05'),
	('JJUWJ', 'CL01749P', 'ESP07'),
	('GE30A', 'CL01463F', 'ESP04'),
	('BPNYH', 'CL00885P', 'ESP25'),
	('B9TSA', 'CL00593G', 'ESP14'),
	('0I916', 'CL01563U', 'ESP28'),
	('1S3U6', 'CL01960F', 'ESP10'),
	('GIN3M', 'CL00893T', 'ESP30'),
	('RZXUC', 'CL00761N', 'ESP02'),
	('GCTVF', 'CL01334O', 'ESP13'),
	('GJL2F', 'CL00009C', 'ESP07'),
	('4FZL9', 'CL00359D', 'ESP22'),
	('QR4NQ', 'CL00181T', 'ESP13'),
	('AZ7UG', 'CL00161B', 'ESP29'),
	('SLP7L', 'CL01691L', 'ESP21'),
	('EKLNW', 'CL00386M', 'ESP08'),
	('1K5TU', 'CL00926J', 'ESP01'),
	('V4C43', 'CL00037H', 'ESP29'),
	('VT1WO', 'CL00760J', 'ESP08'),
	('PLJSS', 'CL01718P', 'ESP23'),
	('DOHTT', 'CL00816I', 'ESP05'),
	('VMC01', 'CL01694T', 'ESP19'),
	('AFRTP', 'CL00810O', 'ESP05'),
	('GR3DO', 'CL01139V', 'ESP22'),
	('IFHM8', 'CL01651G', 'ESP22'),
	('8MZ4U', 'CL01378V', 'ESP13'),
	('K2092', 'CL01186N', 'ESP11'),
	('WQH0Q', 'CL01281X', 'ESP19'),
	('OO0K6', 'CL01283D', 'ESP07'),
	('BSDIS', 'CL00534G', 'ESP06'),
	('IBC8X', 'CL00696L', 'ESP12'),
	('P47MX', 'CL01167J', 'ESP08'),
	('QA725', 'CL01023A', 'ESP20'),
	('DU6EA', 'CL01425K', 'ESP01'),
	('3TOHT', 'CL01440Y', 'ESP06'),
	('VVFG2', 'CL00478J', 'ESP05'),
	('NPANW', 'CL00108M', 'ESP01'),
	('GT28B', 'CL01751A', 'ESP28'),
	('RWXS5', 'CL01235V', 'ESP01'),
	('55T20', 'CL00655F', 'ESP08'),
	('OAONM', 'CL00648Z', 'ESP23'),
	('VXOPW', 'CL01702B', 'ESP14'),
	('H5MQ5', 'CL00741W', 'ESP17'),
	('8MYM1', 'CL01459F', 'ESP07'),
	('N7JPH', 'CL00920E', 'ESP05'),
	('3MIHD', 'CL01567E', 'ESP22'),
	('O1IGU', 'CL01698E', 'ESP22'),
	('DX89O', 'CL00681A', 'ESP18'),
	('3DU48', 'CL00723C', 'ESP24'),
	('W2DG3', 'CL00331F', 'ESP20'),
	('GRWV0', 'CL00311X', 'ESP24'),
	('91YUY', 'CL00864K', 'ESP10'),
	('V8V2G', 'CL00087A', 'ESP15'),
	('F0QWU', 'CL00947H', 'ESP05'),
	('4DGU5', 'CL00065Z', 'ESP11'),
	('NAPKP', 'CL00265C', 'ESP01'),
	('OKQDD', 'CL00691E', 'ESP01'),
	('065J8', 'CL01089R', 'ESP05'),
	('MK237', 'CL00344G', 'ESP18'),
	('X9TPQ', 'CL01432K', 'ESP22'),
	('RTYYH', 'CL00470P', 'ESP10'),
	('516MK', 'CL01549R', 'ESP16'),
	('185OC', 'CL00142L', 'ESP10'),
	('STYHZ', 'CL00329X', 'ESP15'),
	('A6D0F', 'CL00328J', 'ESP01'),
	('4NPY5', 'CL00495N', 'ESP30'),
	('BZ11T', 'CL01408I', 'ESP08'),
	('7XO1M', 'CL01569G', 'ESP29'),
	('MK6SF', 'CL01889R', 'ESP01'),
	('88PKH', 'CL00327Q', 'ESP16'),
	('JMXN2', 'CL00552V', 'ESP29'),
	('O7LQR', 'CL01880J', 'ESP24'),
	('P7ZA1', 'CL01663Y', 'ESP05'),
	('C822G', 'CL01654J', 'ESP05'),
	('X9P7C', 'CL01137N', 'ESP07'),
	('OJR7C', 'CL01931O', 'ESP21'),
	('H22D8', 'CL01595E', 'ESP13'),
	('BSDNU', 'CL01348B', 'ESP05'),
	('I434G', 'CL00746O', 'ESP05'),
	('3J81Q', 'CL00548Y', 'ESP30'),
	('EPHRV', 'CL00948C', 'ESP01'),
	('1ORNH', 'CL01722T', 'ESP08'),
	('W9K5Q', 'CL01291X', 'ESP13'),
	('DS3OW', 'CL00386M', 'ESP08'),
	('CYNJY', 'CL01807D', 'ESP17'),
	('VC90C', 'CL01707E', 'ESP26'),
	('C1JZJ', 'CL01235V', 'ESP10'),
	('ZHBV8', 'CL00657T', 'ESP22'),
	('6NMSR', 'CL01345X', 'ESP18'),
	('Q1GGI', 'CL01016C', 'ESP20'),
	('16KQE', 'CL01510G', 'ESP13'),
	('4MMW8', 'CL00021F', 'ESP01'),
	('LLTNF', 'CL01756P', 'ESP05'),
	('AV9RC', 'CL00776M', 'ESP28'),
	('KFMGG', 'CL00773Y', 'ESP21'),
	('G2LD3', 'CL01973Z', 'ESP24'),
	('HGMLS', 'CL00644Z', 'ESP05'),
	('ID1VH', 'CL00955Z', 'ESP01'),
	('J3GMX', 'CL00857J', 'ESP22'),
	('JWYR7', 'CL00004G', 'ESP03'),
	('HC77K', 'CL00499Q', 'ESP08'),
	('YBS1R', 'CL00437E', 'ESP26'),
	('PQ37G', 'CL01521S', 'ESP07'),
	('BVH7Y', 'CL01114K', 'ESP24'),
	('4BKBO', 'CL00101K', 'ESP12'),
	('GAWV4', 'CL00512R', 'ESP08'),
	('60K9E', 'CL00481G', 'ESP18'),
	('Y9R29', 'CL00279V', 'ESP10'),
	('U0TM4', 'CL00036A', 'ESP01'),
	('NUZCU', 'CL01729H', 'ESP07'),
	('X014Q', 'CL00214W', 'ESP11'),
	('R38L1', 'CL00910F', 'ESP13'),
	('HLY58', 'CL01460E', 'ESP05'),
	('6GYX4', 'CL00088I', 'ESP12'),
	('CI80Y', 'CL01050N', 'ESP16'),
	('AECY1', 'CL01988G', 'ESP01'),
	('IR6IM', 'CL01615Z', 'ESP22'),
	('Y100H', 'CL00252L', 'ESP01'),
	('ARRBU', 'CL01931O', 'ESP15'),
	('7JR8T', 'CL01332D', 'ESP08'),
	('2OBP9', 'CL00952P', 'ESP13'),
	('173YQ', 'CL00683M', 'ESP27'),
	('368X8', 'CL00545X', 'ESP01'),
	('SABS2', 'CL01540X', 'ESP07'),
	('WZRXU', 'CL00816I', 'ESP30'),
	('MJPYS', 'CL00217L', 'ESP05'),
	('0VJ8G', 'CL01049O', 'ESP01'),
	('FI5H7', 'CL01313Q', 'ESP12'),
	('AWRVX', 'CL01298O', 'ESP05'),
	('B59CA', 'CL00168X', 'ESP20'),
	('MKJZ4', 'CL01311B', 'ESP13'),
	('1OZAE', 'CL01756P', 'ESP18'),
	('KC3Y7', 'CL01728I', 'ESP01'),
	('2IKIU', 'CL01960F', 'ESP12'),
	('VEQRV', 'CL01335U', 'ESP05'),
	('ZRURH', 'CL00537A', 'ESP25'),
	('JDRJE', 'CL01917F', 'ESP10'),
	('UL4UU', 'CL01330G', 'ESP01'),
	('CZ0ZW', 'CL00438E', 'ESP08'),
	('2LSYB', 'CL01493J', 'ESP22'),
	('XHM36', 'CL00133S', 'ESP28'),
	('NC9RF', 'CL00721F', 'ESP05'),
	('Q7KNA', 'CL00769Z', 'ESP10'),
	('YT84G', 'CL01604C', 'ESP29'),
	('UKIPK', 'CL00527P', 'ESP29'),
	('HE9A6', 'CL01973Z', 'ESP07'),
	('4B1BN', 'CL01137N', 'ESP22'),
	('F9G3E', 'CL01448X', 'ESP14'),
	('VILHO', 'CL01571J', 'ESP20'),
	('6TYM9', 'CL01283D', 'ESP11'),
	('81Y9I', 'CL01254J', 'ESP01'),
	('MLN4S', 'CL01755A', 'ESP18'),
	('FLRMW', 'CL01047C', 'ESP18'),
	('XJNPD', 'CL00656X', 'ESP21'),
	('E8RT3', 'CL00777F', 'ESP10'),
	('UNQ33', 'CL00424V', 'ESP16'),
	('HW5XL', 'CL01490W', 'ESP12'),
	('M3J8E', 'CL01867P', 'ESP02'),
	('VZBB1', 'CL00790D', 'ESP13'),
	('NXLNX', 'CL01276Y', 'ESP19'),
	('MC7IV', 'CL01112M', 'ESP27'),
	('13RH7', 'CL00564X', 'ESP28'),
	('CQCN7', 'CL01393P', 'ESP13'),
	('RDISA', 'CL01605W', 'ESP19'),
	('49JKL', 'CL01266I', 'ESP28'),
	('KM0M1', 'CL00649N', 'ESP24'),
	('I0QR5', 'CL01469Y', 'ESP28'),
	('9IG1V', 'CL00585F', 'ESP01'),
	('O9YHZ', 'CL01543M', 'ESP01'),
	('LWHE2', 'CL01993B', 'ESP20'),
	('BLTFH', 'CL00032A', 'ESP08'),
	('K2ZYN', 'CL01746O', 'ESP18'),
	('ZW1S3', 'CL01797S', 'ESP12'),
	('9NUN9', 'CL00441A', 'ESP08'),
	('QOW70', 'CL01749P', 'ESP20'),
	('2286Q', 'CL00179G', 'ESP21'),
	('JPORT', 'CL01473T', 'ESP07'),
	('BCQHR', 'CL01111S', 'ESP17'),
	('8W7A5', 'CL01646D', 'ESP18'),
	('8TZU3', 'CL00595V', 'ESP20'),
	('BQS0N', 'CL00736C', 'ESP08'),
	('KQ25K', 'CL01665W', 'ESP11'),
	('0KLVV', 'CL01069L', 'ESP25'),
	('P8DAG', 'CL00077D', 'ESP22'),
	('9EKIT', 'CL00740P', 'ESP20'),
	('OKIT9', 'CL00897X', 'ESP05'),
	('CB955', 'CL01303V', 'ESP22'),
	('GRQ7M', 'CL00993C', 'ESP14'),
	('KUAWW', 'CL01886O', 'ESP22'),
	('54OIP', 'CL00741W', 'ESP10'),
	('OXP5Z', 'CL01395X', 'ESP18'),
	('KSBA2', 'CL00595V', 'ESP05'),
	('CTNUX', 'CL01957F', 'ESP08'),
	('1FYR0', 'CL01694T', 'ESP07'),
	('7EWOO', 'CL01486R', 'ESP16'),
	('2EZ2H', 'CL00700I', 'ESP10'),
	('519J8', 'CL00504Y', 'ESP21'),
	('W2DTY', 'CL01418F', 'ESP22'),
	('I9OW5', 'CL00311X', 'ESP07'),
	('SWGUP', 'CL01435V', 'ESP02'),
	('6S9JJ', 'CL01150Z', 'ESP14'),
	('4PUZC', 'CL01093O', 'ESP23'),
	('E8C81', 'CL00531E', 'ESP10'),
	('PAM7W', 'CL01235V', 'ESP05'),
	('1MHQ1', 'CL01677A', 'ESP05'),
	('MHRB8', 'CL00481G', 'ESP12'),
	('1EZR2', 'CL01319C', 'ESP01'),
	('Z2P9E', 'CL01333R', 'ESP10'),
	('S3FU6', 'CL00670D', 'ESP13'),
	('J5BM6', 'CL00304H', 'ESP08'),
	('P5MRN', 'CL01330G', 'ESP01'),
	('T2T52', 'CL00851Y', 'ESP07'),
	('RECD5', 'CL01684Z', 'ESP01'),
	('JCXK2', 'CL00951F', 'ESP13'),
	('95ROJ', 'CL00075L', 'ESP27'),
	('08ELO', 'CL00049H', 'ESP14'),
	('IPAGN', 'CL00070P', 'ESP07'),
	('QTCND', 'CL01731U', 'ESP15'),
	('CQCVA', 'CL00341E', 'ESP12'),
	('MBTT6', 'CL01202O', 'ESP28'),
	('WAAUP', 'CL01718P', 'ESP13'),
	('CQZ1B', 'CL01190D', 'ESP13'),
	('YRCXG', 'CL01663Y', 'ESP12'),
	('6TFUE', 'CL01196K', 'ESP22'),
	('EM9BJ', 'CL00595V', 'ESP10'),
	('O0V0C', 'CL00475B', 'ESP01'),
	('RC30C', 'CL01069L', 'ESP03'),
	('SD9Y4', 'CL00138Q', 'ESP07'),
	('6ZIL7', 'CL00980H', 'ESP19'),
	('G05BK', 'CL00463C', 'ESP28'),
	('TXRN1', 'CL01555Z', 'ESP22'),
	('N19P4', 'CL00134L', 'ESP01'),
	('BDO4M', 'CL01987N', 'ESP05'),
	('ORLM1', 'CL01299V', 'ESP24'),
	('B1UN1', 'CL00649N', 'ESP20'),
	('8AXYC', 'CL01519Q', 'ESP04'),
	('8JZUC', 'CL01903S', 'ESP14'),
	('ZKL9B', 'CL00650N', 'ESP19'),
	('NBTNM', 'CL01451Y', 'ESP13'),
	('PY2SU', 'CL00371Y', 'ESP10'),
	('GI7LT', 'CL00975X', 'ESP01'),
	('I2NJN', 'CL01469Y', 'ESP09'),
	('0Z3SY', 'CL00001Z', 'ESP07'),
	('FXGG0', 'CL00030K', 'ESP10'),
	('M9EI8', 'CL01423J', 'ESP03'),
	('4PGL2', 'CL01749P', 'ESP22'),
	('2GE5L', 'CL01612S', 'ESP16'),
	('KQEA0', 'CL01845I', 'ESP07'),
	('RM6Y6', 'CL00467V', 'ESP10'),
	('Y72A2', 'CL00686J', 'ESP17'),
	('MSGUS', 'CL01111S', 'ESP01'),
	('A92X8', 'CL00576W', 'ESP07'),
	('NWW1B', 'CL01414E', 'ESP10'),
	('BU6N7', 'CL00839R', 'ESP08'),
	('T2P6C', 'CL01728I', 'ESP07'),
	('I4XGJ', 'CL00316R', 'ESP16'),
	('45I2A', 'CL01842K', 'ESP26'),
	('8ACKS', 'CL01588O', 'ESP29'),
	('GPR4R', 'CL00239A', 'ESP11'),
	('QRUZC', 'CL01190D', 'ESP05'),
	('9XZ76', 'CL01585C', 'ESP07'),
	('4OISB', 'CL01910G', 'ESP30'),
	('KHVUI', 'CL01385A', 'ESP28'),
	('AGHU1', 'CL01513N', 'ESP13'),
	('TFCMS', 'CL01459F', 'ESP28'),
	('NRVU4', 'CL01723A', 'ESP10'),
	('GG5OM', 'CL00469Y', 'ESP01'),
	('2MV5G', 'CL01499I', 'ESP11'),
	('P9DU7', 'CL01451Y', 'ESP13'),
	('JW935', 'CL00207T', 'ESP20'),
	('6UC7N', 'CL00543L', 'ESP10'),
	('D4UTW', 'CL00134L', 'ESP20'),
	('CFSKD', 'CL00239A', 'ESP01'),
	('W010D', 'CL01707E', 'ESP05'),
	('A6IS3', 'CL00232V', 'ESP30'),
	('YLV4Z', 'CL00339B', 'ESP02'),
	('RLXZU', 'CL01279I', 'ESP22'),
	('KKXF0', 'CL01211U', 'ESP07'),
	('FLC66', 'CL01543M', 'ESP12'),
	('8I38F', 'CL00632Q', 'ESP06'),
	('1PE28', 'CL01674Q', 'ESP16'),
	('KRU5Q', 'CL00954I', 'ESP02'),
	('IN1O5', 'CL00840N', 'ESP28'),
	('5YS4F', 'CL00136J', 'ESP07'),
	('TB9TP', 'CL00536H', 'ESP03'),
	('JAY7Q', 'CL01265Q', 'ESP11'),
	('MIWYW', 'CL01522N', 'ESP26'),
	('RVWVI', 'CL01732R', 'ESP20'),
	('NJF6N', 'CL01288R', 'ESP16'),
	('SYU6H', 'CL01976G', 'ESP20'),
	('KQX44', 'CL00773Y', 'ESP15'),
	('4BFG4', 'CL00607Y', 'ESP10'),
	('HUP98', 'CL01688X', 'ESP01'),
	('PNLID', 'CL01560J', 'ESP13'),
	('Q7I2S', 'CL01886O', 'ESP05'),
	('8JB2D', 'CL00446O', 'ESP04'),
	('YNJLW', 'CL01677A', 'ESP20'),
	('SY5UP', 'CL00875L', 'ESP20'),
	('WTC22', 'CL00527P', 'ESP30'),
	('YZFXV', 'CL01081P', 'ESP28'),
	('VZT3Y', 'CL00824S', 'ESP10'),
	('NS8MD', 'CL01748Q', 'ESP10'),
	('2AIM6', 'CL00883W', 'ESP23'),
	('EN4GF', 'CL00112X', 'ESP19'),
	('1V7ZN', 'CL00870O', 'ESP19'),
	('RKMUR', 'CL00049H', 'ESP24'),
	('LJG3H', 'CL00224W', 'ESP29'),
	('4OJQP', 'CL01609D', 'ESP13'),
	('3VETL', 'CL01325J', 'ESP15'),
	('1FDJE', 'CL00478J', 'ESP24'),
	('OJOB9', 'CL01595E', 'ESP01'),
	('Z1RDJ', 'CL00469Y', 'ESP13'),
	('KTGIH', 'CL01910G', 'ESP09'),
	('UQS1X', 'CL01179H', 'ESP05'),
	('CVLFQ', 'CL01686R', 'ESP12'),
	('0WYFK', 'CL00904J', 'ESP17'),
	('OVBMK', 'CL01757H', 'ESP14'),
	('KSOUP', 'CL00859I', 'ESP08'),
	('OWBQG', 'CL01003M', 'ESP08'),
	('C5TJY', 'CL01561G', 'ESP29'),
	('T05XZ', 'CL00215K', 'ESP20'),
	('P8379', 'CL01075N', 'ESP15'),
	('TR8XR', 'CL00980H', 'ESP13'),
	('OBWS6', 'CL01828G', 'ESP01'),
	('BQ718', 'CL00708A', 'ESP18'),
	('HE343', 'CL01494O', 'ESP18'),
	('YTDGD', 'CL01053U', 'ESP22'),
	('QJ1BM', 'CL01290K', 'ESP01'),
	('YXB90', 'CL00086Y', 'ESP24'),
	('ZS2DC', 'CL00779F', 'ESP05'),
	('WN5XF', 'CL01634Y', 'ESP18'),
	('XSHWQ', 'CL01140X', 'ESP09'),
	('7N8OM', 'CL00467V', 'ESP16'),
	('DGNJT', 'CL01378V', 'ESP28'),
	('NUSIA', 'CL01316F', 'ESP22'),
	('LIPPL', 'CL00134L', 'ESP27'),
	('FP77Z', 'CL00123O', 'ESP20'),
	('OAYV9', 'CL01248L', 'ESP20'),
	('4VJ12', 'CL01946I', 'ESP15'),
	('5PCN9', 'CL01053U', 'ESP07'),
	('C73VS', 'CL01982I', 'ESP13'),
	('DA2RB', 'CL00424V', 'ESP10'),
	('D7G9Y', 'CL00619U', 'ESP08'),
	('1RIW5', 'CL00310P', 'ESP14'),
	('UT3CV', 'CL00536H', 'ESP22'),
	('Q0U9J', 'CL00876Z', 'ESP22'),
	('A9KIB', 'CL00935W', 'ESP07'),
	('4Y90S', 'CL00700I', 'ESP19'),
	('7QGZ6', 'CL01861H', 'ESP12'),
	('YCVA8', 'CL00562Y', 'ESP13'),
	('CZXUV', 'CL00458W', 'ESP16'),
	('7SYGW', 'CL00882H', 'ESP12'),
	('OI5EA', 'CL00673R', 'ESP15'),
	('D52VA', 'CL01773W', 'ESP24'),
	('79WDB', 'CL00240J', 'ESP12'),
	('4IOFO', 'CL00565T', 'ESP07'),
	('RV495', 'CL01267M', 'ESP09'),
	('ZNF1I', 'CL00522K', 'ESP07'),
	('HB4YF', 'CL01064G', 'ESP20'),
	('Z3O77', 'CL01551Y', 'ESP05'),
	('T58VM', 'CL00916N', 'ESP01'),
	('6J6NW', 'CL00859I', 'ESP01'),
	('G5755', 'CL00531E', 'ESP29'),
	('XNJQJ', 'CL01377C', 'ESP07'),
	('EYV04', 'CL01140X', 'ESP01'),
	('90ER9', 'CL01202O', 'ESP29'),
	('VGRKD', 'CL00903G', 'ESP05'),
	('HRG6P', 'CL00938F', 'ESP13'),
	('WO7Q5', 'CL01605W', 'ESP28'),
	('TYXL2', 'CL00437E', 'ESP14'),
	('ZCGY0', 'CL00451D', 'ESP28'),
	('O1TCA', 'CL01737B', 'ESP27'),
	('P39S9', 'CL00273Q', 'ESP01'),
	('KO9Y6', 'CL01313Q', 'ESP04'),
	('S133G', 'CL00240J', 'ESP26'),
	('IQIXJ', 'CL00862Y', 'ESP22'),
	('F4X88', 'CL00297C', 'ESP14'),
	('U8KEK', 'CL01640T', 'ESP11'),
	('7RO0W', 'CL00378M', 'ESP25'),
	('6PHWR', 'CL00201F', 'ESP22'),
	('YEJDN', 'CL01981H', 'ESP28'),
	('ZBAH2', 'CL00344G', 'ESP12'),
	('79KJ6', 'CL00152R', 'ESP20'),
	('IYUNN', 'CL00934G', 'ESP20'),
	('Q87W7', 'CL01656V', 'ESP22'),
	('PB9J2', 'CL00120X', 'ESP18'),
	('1678V', 'CL01266I', 'ESP05'),
	('POR78', 'CL00939R', 'ESP19'),
	('BSO0V', 'CL00432A', 'ESP01'),
	('VODWY', 'CL01017R', 'ESP29'),
	('DFTRD', 'CL01397X', 'ESP13'),
	('MJUAQ', 'CL00442Q', 'ESP26'),
	('AW11I', 'CL00321H', 'ESP04'),
	('95I6M', 'CL01150Z', 'ESP13'),
	('9HUXG', 'CL01465A', 'ESP16'),
	('FCSAB', 'CL00580Q', 'ESP24'),
	('LBVWW', 'CL01486R', 'ESP07'),
	('9SEJQ', 'CL01965F', 'ESP27'),
	('4OXSY', 'CL00670D', 'ESP12'),
	('Q0WY4', 'CL01698E', 'ESP10'),
	('HEQF5', 'CL00819J', 'ESP11'),
	('9LLW8', 'CL01284B', 'ESP21'),
	('HINUO', 'CL00005B', 'ESP11'),
	('EQZ7U', 'CL01235V', 'ESP09'),
	('DLZXW', 'CL00028N', 'ESP20'),
	('EWHQ4', 'CL01211U', 'ESP27'),
	('RK48M', 'CL01136U', 'ESP12'),
	('XKTPE', 'CL00702G', 'ESP29'),
	('IFN0W', 'CL01946I', 'ESP22'),
	('CUJIG', 'CL01874K', 'ESP20'),
	('0M4EU', 'CL00112X', 'ESP13'),
	('GM41W', 'CL01389N', 'ESP20'),
	('VWKTQ', 'CL01995P', 'ESP16'),
	('BKPD1', 'CL01720Z', 'ESP01'),
	('ZCBSL', 'CL01952T', 'ESP12'),
	('GOZOG', 'CL00907A', 'ESP13'),
	('WX3FF', 'CL01965F', 'ESP01'),
	('T34XY', 'CL01003M', 'ESP15'),
	('C7H1K', 'CL00312N', 'ESP11'),
	('LCCVF', 'CL00420I', 'ESP01'),
	('1G39J', 'CL01196K', 'ESP20'),
	('M4ESZ', 'CL00990M', 'ESP10'),
	('LH5TX', 'CL01481K', 'ESP01'),
	('026ON', 'CL01400M', 'ESP23'),
	('RFTLD', 'CL01066A', 'ESP22'),
	('N8HE9', 'CL01290K', 'ESP28'),
	('0OQKA', 'CL01077A', 'ESP21'),
	('U5XPC', 'CL01229D', 'ESP09'),
	('8ZPJE', 'CL00684F', 'ESP12'),
	('XDXLK', 'CL01421Y', 'ESP05'),
	('U9L87', 'CL00988U', 'ESP08'),
	('U7CIP', 'CL01751A', 'ESP17'),
	('33IY8', 'CL01437J', 'ESP23'),
	('UAUNR', 'CL01185Q', 'ESP13'),
	('EVSHY', 'CL00041W', 'ESP07'),
	('VA6JB', 'CL01111S', 'ESP28'),
	('B57E1', 'CL01854R', 'ESP08'),
	('28899', 'CL01292T', 'ESP28'),
	('W4LF3', 'CL00956K', 'ESP08'),
	('PLF17', 'CL00711V', 'ESP11'),
	('HXNM9', 'CL00620J', 'ESP12'),
	('G4T9J', 'CL00991S', 'ESP22'),
	('MBOCT', 'CL00531E', 'ESP23'),
	('K1M6F', 'CL00978J', 'ESP07'),
	('R2FJO', 'CL00467V', 'ESP05'),
	('50E0S', 'CL01017R', 'ESP13'),
	('GB34G', 'CL00223Q', 'ESP05'),
	('OC46V', 'CL00070P', 'ESP01'),
	('H3EOS', 'CL01904C', 'ESP07'),
	('FQHT7', 'CL01454B', 'ESP08'),
	('UEER8', 'CL01245X', 'ESP18'),
	('2SV1F', 'CL00774S', 'ESP25'),
	('ZIS8Z', 'CL01490W', 'ESP29'),
	('AI05P', 'CL01639I', 'ESP07'),
	('4DMFF', 'CL01023A', 'ESP22'),
	('7M867', 'CL00077D', 'ESP22'),
	('57RUA', 'CL01065D', 'ESP05'),
	('KZ6YB', 'CL00900C', 'ESP12'),
	('MEMKR', 'CL01728I', 'ESP09'),
	('Y4HPN', 'CL00646B', 'ESP09'),
	('NEKBR', 'CL01082M', 'ESP13'),
	('WRO58', 'CL01246F', 'ESP20'),
	('2UPS6', 'CL00407Y', 'ESP25'),
	('KCR3T', 'CL00585F', 'ESP10'),
	('46BSX', 'CL01516F', 'ESP09'),
	('PR5R6', 'CL00372M', 'ESP20'),
	('WH0AV', 'CL01091P', 'ESP10'),
	('71FTK', 'CL00386M', 'ESP17'),
	('IUKED', 'CL01237H', 'ESP27'),
	('I56IA', 'CL00085P', 'ESP15'),
	('HXO2D', 'CL01746O', 'ESP13'),
	('UXLWT', 'CL01406P', 'ESP13'),
	('UBN2R', 'CL01918A', 'ESP19'),
	('OB3SX', 'CL00955Z', 'ESP04'),
	('W25P8', 'CL01161S', 'ESP01'),
	('HA4P5', 'CL00467V', 'ESP23'),
	('JPHMS', 'CL01634Y', 'ESP28'),
	('49740', 'CL00439E', 'ESP01'),
	('M21A4', 'CL00134L', 'ESP01'),
	('D7424', 'CL01473T', 'ESP07'),
	('29T04', 'CL00178B', 'ESP12'),
	('3FKC9', 'CL00620J', 'ESP11'),
	('C1ZZX', 'CL00875L', 'ESP29'),
	('SU1NR', 'CL00481G', 'ESP11'),
	('D39PC', 'CL01489P', 'ESP01'),
	('MFYY1', 'CL01820J', 'ESP05'),
	('HIMAF', 'CL00758G', 'ESP05'),
	('R9WV0', 'CL01715S', 'ESP27'),
	('1JOEV', 'CL01795I', 'ESP27'),
	('O5QBM', 'CL00704G', 'ESP15'),
	('WUG02', 'CL00209V', 'ESP23'),
	('ILOV7', 'CL01992T', 'ESP05'),
	('NWG81', 'CL00620J', 'ESP13'),
	('X07LM', 'CL01248L', 'ESP17'),
	('36X0N', 'CL01728I', 'ESP13'),
	('O0SBN', 'CL01960F', 'ESP21'),
	('STJZA', 'CL00407Y', 'ESP13'),
	('HNQSH', 'CL00587T', 'ESP29'),
	('07C28', 'CL00917K', 'ESP17'),
	('RBAU2', 'CL00214W', 'ESP07'),
	('HEXG5', 'CL01421Y', 'ESP22'),
	('VNUVC', 'CL01490W', 'ESP13'),
	('U7BPW', 'CL01384M', 'ESP16'),
	('6OQYE', 'CL01086Y', 'ESP05'),
	('4NZ29', 'CL01654J', 'ESP09'),
	('T36JQ', 'CL01460E', 'ESP10'),
	('SSMRE', 'CL00344G', 'ESP12'),
	('V4CPF', 'CL00743O', 'ESP09'),
	('3HE6B', 'CL01103S', 'ESP01'),
	('D4PW8', 'CL01027T', 'ESP29'),
	('O5S8T', 'CL00063Z', 'ESP11'),
	('ILG3Y', 'CL00031A', 'ESP25'),
	('J6RE8', 'CL00194L', 'ESP28'),
	('VMCY8', 'CL00098R', 'ESP09'),
	('CORKB', 'CL00472Q', 'ESP23'),
	('RWNMI', 'CL01791E', 'ESP09'),
	('MC5PS', 'CL00683M', 'ESP11'),
	('MGUOQ', 'CL00757U', 'ESP30'),
	('JCJMC', 'CL01888Q', 'ESP22'),
	('CTCZA', 'CL01493J', 'ESP11'),
	('I8IW9', 'CL00392O', 'ESP18'),
	('18YV7', 'CL00394H', 'ESP29'),
	('91V3E', 'CL01840V', 'ESP11'),
	('ZOGDC', 'CL00700I', 'ESP07'),
	('Z776P', 'CL00042X', 'ESP01'),
	('97GJO', 'CL01494O', 'ESP13'),
	('4538E', 'CL01464V', 'ESP01'),
	('6BMMD', 'CL01235V', 'ESP10'),
	('16P1M', 'CL00617A', 'ESP07'),
	('Z514J', 'CL00097L', 'ESP08'),
	('ZKMPY', 'CL01870J', 'ESP01'),
	('TJH2I', 'CL00509Y', 'ESP05'),
	('BLCZF', 'CL01089R', 'ESP28'),
	('BT03Y', 'CL01503J', 'ESP28'),
	('LMX63', 'CL00460Z', 'ESP22'),
	('JDJ6C', 'CL00957J', 'ESP03'),
	('K9ERP', 'CL01978Z', 'ESP10'),
	('81HN1', 'CL00771C', 'ESP20'),
	('00BN9', 'CL01865I', 'ESP01'),
	('9ISNV', 'CL00790D', 'ESP01'),
	('ZOO7I', 'CL01379O', 'ESP12'),
	('FD1M4', 'CL01111S', 'ESP28'),
	('9WXNN', 'CL01954E', 'ESP30'),
	('Y25A7', 'CL01249F', 'ESP01'),
	('GESUS', 'CL00926J', 'ESP20'),
	('1WR3R', 'CL00851Y', 'ESP01'),
	('CYSJ9', 'CL01993B', 'ESP14'),
	('8FELD', 'CL01361E', 'ESP27'),
	('TXC0K', 'CL00185L', 'ESP12'),
	('AZACM', 'CL00055M', 'ESP12'),
	('Y9FBR', 'CL00632Q', 'ESP05'),
	('CUT9X', 'CL01494O', 'ESP07'),
	('5JR5N', 'CL01755A', 'ESP04'),
	('O37PR', 'CL01378V', 'ESP10'),
	('89LD0', 'CL01651G', 'ESP25'),
	('HGXLN', 'CL01641K', 'ESP07'),
	('IMDVG', 'CL01988G', 'ESP26'),
	('I8QV9', 'CL00009C', 'ESP20'),
	('UFQRZ', 'CL01159Z', 'ESP08'),
	('LDVDJ', 'CL00111S', 'ESP04'),
	('NTOWX', 'CL01150Z', 'ESP11'),
	('UO5XN', 'CL01811R', 'ESP12'),
	('4YWV8', 'CL01020C', 'ESP18'),
	('P81AT', 'CL01488Q', 'ESP08'),
	('7YCO0', 'CL01319C', 'ESP01'),
	('O303B', 'CL01416C', 'ESP01'),
	('1OPLH', 'CL01602X', 'ESP14'),
	('QWEOZ', 'CL01462U', 'ESP16'),
	('F856F', 'CL01056Y', 'ESP12'),
	('27B53', 'CL01728I', 'ESP01'),
	('B16Q3', 'CL00897X', 'ESP29'),
	('KFP39', 'CL00028N', 'ESP05'),
	('ZS0ZJ', 'CL01802Z', 'ESP10'),
	('3H371', 'CL01502K', 'ESP08'),
	('8Z28D', 'CL01401L', 'ESP13'),
	('YDC00', 'CL00648Z', 'ESP20'),
	('SARBU', 'CL01261I', 'ESP10'),
	('JQJ9A', 'CL00693R', 'ESP10'),
	('TEFFH', 'CL01881I', 'ESP28'),
	('SPRVP', 'CL00496Z', 'ESP25'),
	('FRRXX', 'CL01681I', 'ESP10'),
	('GO3CX', 'CL01254J', 'ESP30'),
	('9HU2M', 'CL01228M', 'ESP01'),
	('S0L9R', 'CL01494O', 'ESP09'),
	('GJYXV', 'CL01910G', 'ESP29'),
	('SOMBZ', 'CL01333R', 'ESP20'),
	('7COGG', 'CL00572W', 'ESP05'),
	('VBKX6', 'CL00404M', 'ESP05'),
	('QIZ18', 'CL01917F', 'ESP01'),
	('6NQRO', 'CL01235V', 'ESP13'),
	('4W75W', 'CL01514S', 'ESP27'),
	('9WEY0', 'CL01391L', 'ESP29'),
	('VQSK0', 'CL00946G', 'ESP08'),
	('VQ7X9', 'CL00911R', 'ESP03'),
	('YX5OR', 'CL00522K', 'ESP20'),
	('MF5A3', 'CL00478J', 'ESP03'),
	('ISLR8', 'CL00043S', 'ESP18'),
	('8KMNT', 'CL01698E', 'ESP28'),
	('RP6IP', 'CL00824S', 'ESP25'),
	('UM3HN', 'CL01641K', 'ESP28'),
	('653OJ', 'CL01190D', 'ESP12'),
	('D8KSC', 'CL00607Y', 'ESP18'),
	('MPSVF', 'CL00037H', 'ESP16'),
	('VEGLB', 'CL01535S', 'ESP10'),
	('C4ACC', 'CL01592N', 'ESP01'),
	('78PT3', 'CL00859I', 'ESP01'),
	('W7C23', 'CL00045R', 'ESP22'),
	('5STTK', 'CL00439E', 'ESP30'),
	('Y3PM4', 'CL01549R', 'ESP05'),
	('P7GXW', 'CL00741W', 'ESP03'),
	('GUKWU', 'CL00089V', 'ESP01'),
	('MTVNW', 'CL01658R', 'ESP05'),
	('EKJAO', 'CL00037H', 'ESP05'),
	('3U3Q6', 'CL00557F', 'ESP19'),
	('WLUUH', 'CL00935W', 'ESP06'),
	('8LNY1', 'CL01384M', 'ESP07'),
	('D0S8F', 'CL01263Z', 'ESP01'),
	('8Q5A4', 'CL01896C', 'ESP19'),
	('DFPI9', 'CL00704G', 'ESP05'),
	('7W236', 'CL00217L', 'ESP05'),
	('1ZTZQ', 'CL00721F', 'ESP08'),
	('ZYEIJ', 'CL00443M', 'ESP25'),
	('YGO2N', 'CL00741W', 'ESP22'),
	('PYJFB', 'CL01769J', 'ESP22'),
	('41H6C', 'CL01670X', 'ESP13'),
	('AH9SZ', 'CL00571Z', 'ESP07'),
	('VG21K', 'CL00431R', 'ESP05'),
	('VS10C', 'CL01705J', 'ESP06'),
	('J9PL2', 'CL00711V', 'ESP07'),
	('POO7Y', 'CL00025D', 'ESP15'),
	('6T55P', 'CL01926L', 'ESP19'),
	('0VCZJ', 'CL01118Z', 'ESP05'),
	('IBAGW', 'CL00574O', 'ESP10'),
	('G115B', 'CL01546Y', 'ESP22'),
	('SARSC', 'CL00963W', 'ESP22'),
	('8SULS', 'CL00600A', 'ESP05'),
	('BKUT6', 'CL01798W', 'ESP18'),
	('D3R5J', 'CL00239A', 'ESP13'),
	('AA8EX', 'CL01880J', 'ESP01'),
	('BLCQ6', 'CL01417J', 'ESP01'),
	('8FGGJ', 'CL01904C', 'ESP01'),
	('EC1FF', 'CL01461H', 'ESP12'),
	('WVJ9F', 'CL01885T', 'ESP19'),
	('FGQ3G', 'CL01691L', 'ESP10'),
	('CF9H9', 'CL01883N', 'ESP08'),
	('XKEAR', 'CL01453N', 'ESP30'),
	('74G20', 'CL00665K', 'ESP05'),
	('FW9M3', 'CL01325J', 'ESP15'),
	('20W38', 'CL01526I', 'ESP05'),
	('SQEB7', 'CL01128D', 'ESP22'),
	('BKW3Y', 'CL00681A', 'ESP05'),
	('R8Y3L', 'CL00554L', 'ESP22'),
	('O6AAQ', 'CL00711V', 'ESP01'),
	('BR6EO', 'CL00643V', 'ESP29'),
	('U0OYM', 'CL01796J', 'ESP12'),
	('454H5', 'CL00502Z', 'ESP29'),
	('S4LI1', 'CL00109V', 'ESP01'),
	('5OSKJ', 'CL01429W', 'ESP10'),
	('P6N27', 'CL01038Z', 'ESP24'),
	('JZSVO', 'CL01266I', 'ESP05'),
	('NJG54', 'CL01428Q', 'ESP01'),
	('BU55M', 'CL01267M', 'ESP07'),
	('U85M6', 'CL01017R', 'ESP22'),
	('ZM7WM', 'CL01874K', 'ESP23'),
	('1UEKQ', 'CL01856H', 'ESP20'),
	('RL8SB', 'CL01488Q', 'ESP01'),
	('10408', 'CL00034K', 'ESP20'),
	('C28GQ', 'CL01368I', 'ESP04'),
	('X8T0V', 'CL00995N', 'ESP05'),
	('7F8M0', 'CL01515V', 'ESP04'),
	('UA19K', 'CL01995P', 'ESP01'),
	('KC2D2', 'CL00597Y', 'ESP12'),
	('NW67Q', 'CL00813U', 'ESP08'),
	('SVLPD', 'CL01880J', 'ESP13'),
	('4LK8F', 'CL00704G', 'ESP02'),
	('RRVE6', 'CL01510G', 'ESP01'),
	('V2KS8', 'CL00185L', 'ESP01'),
	('R85GJ', 'CL00589F', 'ESP18'),
	('QKMQG', 'CL01127C', 'ESP29'),
	('70PR6', 'CL01923X', 'ESP12'),
	('BDLN9', 'CL01820J', 'ESP28'),
	('TDHUG', 'CL00674E', 'ESP17'),
	('J36CX', 'CL01889R', 'ESP07'),
	('43QRL', 'CL00746O', 'ESP05'),
	('FL8SI', 'CL00336J', 'ESP01'),
	('D1IU8', 'CL00253L', 'ESP15'),
	('H1NMS', 'CL01155H', 'ESP16'),
	('WCEBJ', 'CL01702B', 'ESP01'),
	('41ZV2', 'CL00288L', 'ESP14'),
	('SG7KH', 'CL01232W', 'ESP18'),
	('D0K25', 'CL00960V', 'ESP16'),
	('JMH5X', 'CL00988U', 'ESP07'),
	('WRQBH', 'CL00614M', 'ESP01'),
	('SD9Q6', 'CL01203G', 'ESP01'),
	('Q42Y3', 'CL01587R', 'ESP08'),
	('IYFHZ', 'CL01400M', 'ESP18'),
	('DNRXX', 'CL01104Y', 'ESP14'),
	('NBL4F', 'CL00992S', 'ESP05'),
	('H8AYE', 'CL00605B', 'ESP11'),
	('76WE7', 'CL00119M', 'ESP01'),
	('ZAXT7', 'CL00672R', 'ESP15'),
	('N63BO', 'CL00670D', 'ESP20'),
	('VVVSK', 'CL01912Q', 'ESP22'),
	('EM6ZR', 'CL00636B', 'ESP01'),
	('9ZISQ', 'CL01989O', 'ESP26'),
	('GMO77', 'CL00946G', 'ESP28'),
	('3YVEC', 'CL00255G', 'ESP25'),
	('4E481', 'CL00893T', 'ESP24'),
	('7DOJD', 'CL01504Y', 'ESP16'),
	('W6CW0', 'CL00036A', 'ESP01'),
	('T7YSR', 'CL01698E', 'ESP12'),
	('5FEOU', 'CL00319X', 'ESP20'),
	('9FVOS', 'CL01966G', 'ESP12'),
	('IG607', 'CL01110O', 'ESP01'),
	('BCIMA', 'CL00068F', 'ESP07'),
	('V3OER', 'CL00370G', 'ESP18'),
	('IUW06', 'CL00018Y', 'ESP13'),
	('J2VDX', 'CL00824S', 'ESP14'),
	('YNKWB', 'CL01950O', 'ESP08'),
	('A1N87', 'CL01738N', 'ESP28'),
	('1RVJL', 'CL01797S', 'ESP01'),
	('FVLL1', 'CL00700I', 'ESP25'),
	('IM41I', 'CL01118Z', 'ESP07'),
	('84SY0', 'CL00767Y', 'ESP22'),
	('7G4CY', 'CL00916N', 'ESP05'),
	('8EKCQ', 'CL01703U', 'ESP12'),
	('VV9G1', 'CL01578P', 'ESP07'),
	('XIU6W', 'CL01999J', 'ESP05'),
	('2QYHT', 'CL01281X', 'ESP17'),
	('U2GYG', 'CL01828G', 'ESP15'),
	('L7AAJ', 'CL01506M', 'ESP08'),
	('KRO4X', 'CL00465I', 'ESP26'),
	('CSBT4', 'CL01998B', 'ESP23'),
	('36CC2', 'CL01097J', 'ESP22'),
	('EI6XN', 'CL01357T', 'ESP11'),
	('NDW4V', 'CL00070P', 'ESP01'),
	('FPYEC', 'CL00279V', 'ESP12'),
	('RGHU7', 'CL01423J', 'ESP22'),
	('XQINJ', 'CL01844R', 'ESP24'),
	('1I4OD', 'CL00142L', 'ESP01'),
	('H8TNS', 'CL01003M', 'ESP12'),
	('1WUUY', 'CL00185L', 'ESP07'),
	('S9T15', 'CL00691E', 'ESP01'),
	('Y5IXR', 'CL00595V', 'ESP27'),
	('4ISHE', 'CL01470V', 'ESP01'),
	('IYC3R', 'CL00080K', 'ESP08'),
	('SCSDP', 'CL00948C', 'ESP04'),
	('9Z42V', 'CL00097L', 'ESP01'),
	('NY61Y', 'CL00897X', 'ESP22'),
	('SZNL8', 'CL01456H', 'ESP26'),
	('VLGLS', 'CL01760S', 'ESP25'),
	('GGJPO', 'CL00457C', 'ESP05'),
	('YDWBQ', 'CL00239A', 'ESP23'),
	('SIU15', 'CL01731U', 'ESP18'),
	('IL048', 'CL01197A', 'ESP29'),
	('21FBF', 'CL00624L', 'ESP10'),
	('FE0BF', 'CL00007G', 'ESP05'),
	('7X13G', 'CL00951F', 'ESP07'),
	('J5R3S', 'CL00241I', 'ESP10'),
	('ZE6EY', 'CL01694T', 'ESP27'),
	('YOZL2', 'CL01290K', 'ESP01'),
	('6UUBI', 'CL01266I', 'ESP22'),
	('KK3PW', 'CL01047C', 'ESP08'),
	('15ZRZ', 'CL00883W', 'ESP20'),
	('Y6U2F', 'CL00686J', 'ESP16'),
	('5L46N', 'CL00029F', 'ESP05'),
	('BQF4R', 'CL00128W', 'ESP22'),
	('BKG8E', 'CL00446O', 'ESP24'),
	('1JW1N', 'CL01394W', 'ESP09'),
	('3BA5T', 'CL00989N', 'ESP08'),
	('TVTY2', 'CL01276Y', 'ESP02'),
	('3X52I', 'CL00201F', 'ESP14'),
	('RJF7T', 'CL00005B', 'ESP01'),
	('2OM5V', 'CL00825Q', 'ESP20'),
	('NJK9T', 'CL00798C', 'ESP18'),
	('NLEO1', 'CL01484H', 'ESP08'),
	('6NQC6', 'CL01062F', 'ESP08'),
	('XAS9B', 'CL01146I', 'ESP22'),
	('2XIX0', 'CL01555Z', 'ESP13'),
	('6VERX', 'CL00679M', 'ESP22'),
	('996FJ', 'CL01753G', 'ESP10'),
	('GFGVL', 'CL01720Z', 'ESP28'),
	('T4TRN', 'CL01382L', 'ESP07'),
	('2H71T', 'CL00194L', 'ESP01'),
	('7Y0XX', 'CL01413B', 'ESP02'),
	('OIZ4M', 'CL01284B', 'ESP05'),
	('6H09W', 'CL01293Z', 'ESP30'),
	('DOPFD', 'CL00761N', 'ESP29'),
	('4WFIG', 'CL01299V', 'ESP05'),
	('P4N1A', 'CL00355B', 'ESP20'),
	('ONEJY', 'CL01544P', 'ESP13'),
	('O5W6W', 'CL00487Z', 'ESP04'),
	('S71WD', 'CL00832Y', 'ESP13'),
	('5D8QP', 'CL00283O', 'ESP13'),
	('BXXE2', 'CL00631S', 'ESP05'),
	('AAG43', 'CL01604C', 'ESP05'),
	('8S9ZK', 'CL00463C', 'ESP08'),
	('DF8IY', 'CL00891Z', 'ESP05'),
	('WO33R', 'CL01486R', 'ESP13'),
	('UOGJC', 'CL00465I', 'ESP13'),
	('5YH96', 'CL01442C', 'ESP05'),
	('FGJG1', 'CL01012Q', 'ESP22'),
	('81PO2', 'CL00507I', 'ESP13'),
	('8JK63', 'CL01361E', 'ESP05'),
	('JPGXX', 'CL01826P', 'ESP01'),
	('CXBX3', 'CL00649N', 'ESP07'),
	('VOPE1', 'CL01195N', 'ESP13'),
	('RD6AN', 'CL00209V', 'ESP23'),
	('ISBOR', 'CL01488Q', 'ESP01'),
	('8L9VU', 'CL01049O', 'ESP01'),
	('847J7', 'CL00475B', 'ESP30'),
	('5VP4J', 'CL01894H', 'ESP13'),
	('S5G85', 'CL01498Z', 'ESP20'),
	('9X54K', 'CL01066A', 'ESP13'),
	('9GPDI', 'CL01583N', 'ESP10'),
	('LXS7S', 'CL00282G', 'ESP13'),
	('5I13D', 'CL00864K', 'ESP13'),
	('DGGIE', 'CL01486R', 'ESP12'),
	('JVJ03', 'CL01546Y', 'ESP13'),
	('XJLAM', 'CL00058Q', 'ESP10'),
	('YC682', 'CL00571Z', 'ESP15'),
	('56U91', 'CL01806L', 'ESP30'),
	('I4L7J', 'CL00638J', 'ESP22'),
	('4ZY88', 'CL01913O', 'ESP12'),
	('TWCF7', 'CL00720E', 'ESP13'),
	('Y0CPQ', 'CL01910G', 'ESP19'),
	('17HGS', 'CL00702G', 'ESP19'),
	('FDSCY', 'CL00810O', 'ESP07'),
	('IU5FU', 'CL01494O', 'ESP14'),
	('W6RY0', 'CL00990M', 'ESP10'),
	('I4PH1', 'CL01036B', 'ESP22'),
	('NF1SO', 'CL01685K', 'ESP01'),
	('M6CX2', 'CL00662G', 'ESP15'),
	('F5MLU', 'CL01132T', 'ESP15'),
	('LCF5R', 'CL01060J', 'ESP28'),
	('U80O2', 'CL00955Z', 'ESP07'),
	('M7K60', 'CL01843T', 'ESP08'),
	('WWO3X', 'CL01779V', 'ESP15'),
	('ZDZYD', 'CL01791E', 'ESP22'),
	('YGV31', 'CL01676I', 'ESP22'),
	('J787Y', 'CL01060J', 'ESP12'),
	('VE56B', 'CL00013D', 'ESP22'),
	('7ZCV6', 'CL01470V', 'ESP05'),
	('404AR', 'CL01604C', 'ESP01'),
	('XBCYI', 'CL01287C', 'ESP01'),
	('8DC9H', 'CL00316R', 'ESP09'),
	('WUXVM', 'CL01953O', 'ESP05'),
	('KWVW3', 'CL00247Y', 'ESP04'),
	('ZO08T', 'CL01127C', 'ESP09'),
	('X9P2F', 'CL01878O', 'ESP12'),
	('YXQSG', 'CL00985M', 'ESP12'),
	('7P5QR', 'CL00743O', 'ESP05'),
	('0ZN3E', 'CL00016W', 'ESP01'),
	('E65Z1', 'CL01450E', 'ESP11'),
	('RH665', 'CL00484S', 'ESP05'),
	('DH1P7', 'CL00031A', 'ESP01'),
	('4GWHW', 'CL01800V', 'ESP20'),
	('H75FR', 'CL00717I', 'ESP30'),
	('37XR3', 'CL00567P', 'ESP01'),
	('9VPAP', 'CL01489P', 'ESP07'),
	('M290Q', 'CL00345D', 'ESP21'),
	('Y0WXY', 'CL00142L', 'ESP05'),
	('G2QT1', 'CL00239A', 'ESP11'),
	('XS366', 'CL01917F', 'ESP07'),
	('F725M', 'CL01164H', 'ESP10'),
	('IQ3K6', 'CL00046T', 'ESP26'),
	('6NU2V', 'CL00595V', 'ESP22'),
	('R05LA', 'CL01639I', 'ESP01'),
	('MXJOD', 'CL01774V', 'ESP14'),
	('SBPP2', 'CL00478J', 'ESP25'),
	('0A5BY', 'CL00582P', 'ESP01'),
	('UK3X2', 'CL00214W', 'ESP13'),
	('DW6PZ', 'CL01989O', 'ESP01'),
	('VK0Q0', 'CL00439E', 'ESP24'),
	('87FVY', 'CL00614M', 'ESP15'),
	('MDYFZ', 'CL00947H', 'ESP13'),
	('99RCH', 'CL00816I', 'ESP20'),
	('MPF09', 'CL01234E', 'ESP01'),
	('N5Y2O', 'CL00858K', 'ESP23'),
	('S24QN', 'CL01931O', 'ESP01'),
	('OGSN7', 'CL00700I', 'ESP22'),
	('6BZAZ', 'CL00678S', 'ESP09'),
	('J1UHT', 'CL01731U', 'ESP10'),
	('EANPL', 'CL01521S', 'ESP22'),
	('HWNWB', 'CL01291X', 'ESP22'),
	('D3NYC', 'CL00583W', 'ESP28'),
	('Z7QPF', 'CL00648Z', 'ESP28'),
	('O3TVX', 'CL00985M', 'ESP27'),
	('4QS8E', 'CL01682L', 'ESP13'),
	('0A0LX', 'CL01807D', 'ESP24'),
	('Z30GY', 'CL01463F', 'ESP01'),
	('WPQ3F', 'CL01400M', 'ESP08'),
	('LNR0R', 'CL01264D', 'ESP10'),
	('3V8CQ', 'CL00016W', 'ESP12'),
	('04ZM0', 'CL00325N', 'ESP23'),
	('LAFRU', 'CL00674E', 'ESP17'),
	('QRW6N', 'CL01890W', 'ESP05'),
	('ABBMA', 'CL01910G', 'ESP01'),
	('8BNET', 'CL01747A', 'ESP13'),
	('JGZUB', 'CL01291X', 'ESP26'),
	('42UKA', 'CL01463F', 'ESP01'),
	('M37UV', 'CL01739J', 'ESP07'),
	('UWC6Y', 'CL01807D', 'ESP07'),
	('XTZ64', 'CL00668E', 'ESP29'),
	('1Y4A5', 'CL01807D', 'ESP25'),
	('L389W', 'CL01081P', 'ESP13'),
	('4O4MZ', 'CL00794N', 'ESP28'),
	('JUR7J', 'CL01588O', 'ESP07'),
	('CIBWR', 'CL00725W', 'ESP10'),
	('UC7N8', 'CL00191M', 'ESP12'),
	('HAK1S', 'CL01512I', 'ESP01'),
	('0AVK5', 'CL01195N', 'ESP08'),
	('3JNGX', 'CL00974T', 'ESP01'),
	('AJKEJ', 'CL00478J', 'ESP28'),
	('SMVYO', 'CL00915R', 'ESP07'),
	('CX8ZC', 'CL00617A', 'ESP22'),
	('Z7L7C', 'CL00627M', 'ESP20'),
	('HMEEF', 'CL00226D', 'ESP20'),
	('K2I3O', 'CL00706R', 'ESP08'),
	('KHGVD', 'CL01421Y', 'ESP13'),
	('JPOO4', 'CL00333G', 'ESP26'),
	('GDEZB', 'CL01137N', 'ESP17'),
	('YARU2', 'CL00943X', 'ESP18'),
	('7VG80', 'CL01673F', 'ESP08'),
	('NVBH9', 'CL01272T', 'ESP11'),
	('DABY4', 'CL00486R', 'ESP01'),
	('9SVWL', 'CL01309P', 'ESP28'),
	('W7KB6', 'CL00913B', 'ESP08'),
	('EVP3V', 'CL01378V', 'ESP08'),
	('OTC9H', 'CL01063T', 'ESP13'),
	('3FTVS', 'CL01325J', 'ESP07'),
	('JP889', 'CL01159Z', 'ESP22'),
	('VCRL3', 'CL01817L', 'ESP22'),
	('G873D', 'CL01235V', 'ESP08'),
	('7Y7E3', 'CL00620J', 'ESP12'),
	('VB7OW', 'CL01671D', 'ESP19'),
	('71LEQ', 'CL01955O', 'ESP09'),
	('OTAEL', 'CL01051K', 'ESP20'),
	('UKH6O', 'CL01537Q', 'ESP10'),
	('MNS21', 'CL01785G', 'ESP08'),
	('0URZX', 'CL00601Z', 'ESP23'),
	('PAJKR', 'CL01428Q', 'ESP07'),
	('QQU5N', 'CL01891H', 'ESP19'),
	('IVXNY', 'CL00638J', 'ESP20'),
	('OTDG8', 'CL01435V', 'ESP13'),
	('MVRBL', 'CL01348B', 'ESP14'),
	('2CID0', 'CL01797S', 'ESP01'),
	('G0I6B', 'CL01728I', 'ESP10'),
	('ZO1RL', 'CL01848M', 'ESP01'),
	('F1UJR', 'CL01104Y', 'ESP29'),
	('O90LL', 'CL01734N', 'ESP08'),
	('1V3N9', 'CL01507X', 'ESP01'),
	('9R3H3', 'CL00492U', 'ESP22'),
	('U6CXD', 'CL00028N', 'ESP05'),
	('YLXKR', 'CL01368I', 'ESP11'),
	('EHSZ5', 'CL00896A', 'ESP11'),
	('UH2OM', 'CL00463C', 'ESP27'),
	('HUFW9', 'CL00806L', 'ESP05'),
	('Z6BT6', 'CL01730X', 'ESP05'),
	('AU9S3', 'CL00484S', 'ESP23'),
	('5W2Q5', 'CL01454B', 'ESP15'),
	('MF58L', 'CL01239A', 'ESP14'),
	('25CNZ', 'CL00257I', 'ESP12'),
	('9K4SZ', 'CL00333G', 'ESP22'),
	('1MIQX', 'CL00480A', 'ESP26'),
	('J88VM', 'CL01640T', 'ESP07'),
	('7ULFR', 'CL00913B', 'ESP24'),
	('VI3E6', 'CL01379O', 'ESP26'),
	('5H9PX', 'CL00288L', 'ESP07'),
	('0LMR9', 'CL01224B', 'ESP08'),
	('JXM8E', 'CL00966T', 'ESP08'),
	('AZ6KG', 'CL01583N', 'ESP22'),
	('PDVC3', 'CL01891H', 'ESP04'),
	('MTPAZ', 'CL00004G', 'ESP20'),
	('EPQ3W', 'CL01596C', 'ESP12'),
	('XEMMO', 'CL01694T', 'ESP05'),
	('IE3Q0', 'CL00605B', 'ESP01'),
	('JP1HW', 'CL00854T', 'ESP01'),
	('TOQLH', 'CL01235V', 'ESP28'),
	('SLY9S', 'CL00795J', 'ESP09'),
	('CLRLK', 'CL01312Q', 'ESP28'),
	('17HYV', 'CL01642R', 'ESP04'),
	('EA4OF', 'CL01703U', 'ESP01'),
	('6VB0H', 'CL01352O', 'ESP05'),
	('C5M5B', 'CL00864K', 'ESP16'),
	('O29VO', 'CL01086Y', 'ESP09'),
	('5B6D2', 'CL00254A', 'ESP26'),
	('ENU1S', 'CL01840V', 'ESP01'),
	('9KAQ9', 'CL00016W', 'ESP05'),
	('ADOL5', 'CL00927P', 'ESP07'),
	('2EY7T', 'CL01412Z', 'ESP15'),
	('7955W', 'CL01769J', 'ESP05'),
	('OXBUA', 'CL01791E', 'ESP28'),
	('YLGD4', 'CL01880J', 'ESP01'),
	('ADXIC', 'CL00687O', 'ESP21'),
	('PVJVL', 'CL00295V', 'ESP05'),
	('8YXED', 'CL00437E', 'ESP21'),
	('OX0F9', 'CL01310I', 'ESP01'),
	('60ZMU', 'CL01235V', 'ESP09'),
	('WXV35', 'CL01908D', 'ESP07'),
	('SZHTS', 'CL01694T', 'ESP06'),
	('R16O3', 'CL00956K', 'ESP24'),
	('NL95S', 'CL01276Y', 'ESP03'),
	('CODET', 'CL01605W', 'ESP20'),
	('K7OYE', 'CL01507X', 'ESP11'),
	('R08JX', 'CL01654J', 'ESP10'),
	('DDGUP', 'CL01454B', 'ESP01'),
	('FPGTE', 'CL01557C', 'ESP12'),
	('E51F4', 'CL00914N', 'ESP30'),
	('IB35C', 'CL00546K', 'ESP10'),
	('DRJU9', 'CL01910G', 'ESP20'),
	('HHZB6', 'CL01303V', 'ESP11'),
	('JNNM3', 'CL01730X', 'ESP06'),
	('R8X9C', 'CL01865I', 'ESP05'),
	('LOQIB', 'CL01654J', 'ESP13'),
	('LV5HL', 'CL01686R', 'ESP22'),
	('IUY8C', 'CL01769J', 'ESP03'),
	('PEJ88', 'CL00097L', 'ESP11'),
	('5F47T', 'CL00248W', 'ESP10'),
	('3LNU5', 'CL00586D', 'ESP12'),
	('HR1RW', 'CL01319C', 'ESP07'),
	('VE7MX', 'CL00997X', 'ESP15'),
	('0Y3DS', 'CL01898B', 'ESP10'),
	('PZHRX', 'CL01086Y', 'ESP05'),
	('JPN4S', 'CL01694T', 'ESP22'),
	('3UL9Q', 'CL00532W', 'ESP24'),
	('9KOOM', 'CL00617A', 'ESP05'),
	('R8V93', 'CL01361E', 'ESP30'),
	('K3EDN', 'CL00888T', 'ESP01'),
	('2IU4R', 'CL01931O', 'ESP01'),
	('LH4XH', 'CL01113E', 'ESP21'),
	('3ZWVO', 'CL00345D', 'ESP08'),
	('AHAXO', 'CL00755V', 'ESP27'),
	('M176X', 'CL00481G', 'ESP27'),
	('KPC8E', 'CL00094R', 'ESP29'),
	('COVOY', 'CL00613S', 'ESP10'),
	('ORWPT', 'CL01511G', 'ESP13'),
	('T73NK', 'CL01716G', 'ESP01'),
	('0HBN7', 'CL01099O', 'ESP30'),
	('L3UKR', 'CL01918A', 'ESP07'),
	('4VUP2', 'CL00854T', 'ESP22'),
	('XDE0B', 'CL01498Z', 'ESP05'),
	('V3S29', 'CL00632Q', 'ESP09'),
	('E5ZZI', 'CL00407Y', 'ESP08'),
	('5DAAN', 'CL00787N', 'ESP20'),
	('48Y05', 'CL00214W', 'ESP30'),
	('9LSBZ', 'CL00312N', 'ESP08'),
	('X2EM4', 'CL00457C', 'ESP05'),
	('7UJKH', 'CL00857J', 'ESP25'),
	('QV6TP', 'CL01430Q', 'ESP03'),
	('T4BOE', 'CL01910G', 'ESP22'),
	('PQ4JO', 'CL00592W', 'ESP27'),
	('ODACB', 'CL00801T', 'ESP16'),
	('QYF4V', 'CL00368D', 'ESP01'),
	('B2S7G', 'CL01274R', 'ESP10'),
	('JCNX4', 'CL00789N', 'ESP01'),
	('8N5QH', 'CL00307Q', 'ESP16'),
	('QJRRD', 'CL01513N', 'ESP20'),
	('YADU3', 'CL00792C', 'ESP01'),
	('CTZHZ', 'CL01177P', 'ESP28'),
	('SFWI8', 'CL00621L', 'ESP14'),
	('31XU8', 'CL00622O', 'ESP17'),
	('4Q7BE', 'CL01491Y', 'ESP01'),
	('0JFJB', 'CL00492U', 'ESP26'),
	('S3RXI', 'CL01510G', 'ESP24'),
	('46LXY', 'CL00964Y', 'ESP20'),
	('XYRD2', 'CL01980M', 'ESP13'),
	('LRAJ6', 'CL01912Q', 'ESP01'),
	('JI93L', 'CL01645Q', 'ESP24'),
	('LGGBC', 'CL00711V', 'ESP23'),
	('MB4B2', 'CL00288L', 'ESP26'),
	('ZAKCB', 'CL01130L', 'ESP11'),
	('TDIKB', 'CL00144U', 'ESP18'),
	('EYOA3', 'CL01678R', 'ESP20'),
	('TZ435', 'CL01139V', 'ESP16'),
	('X8OVH', 'CL01910G', 'ESP29'),
	('2DK1H', 'CL01504Y', 'ESP03'),
	('XVTQA', 'CL00665K', 'ESP26'),
	('OFVED', 'CL01880J', 'ESP14'),
	('O32RD', 'CL00411T', 'ESP02'),
	('LH72X', 'CL01908D', 'ESP01'),
	('0M7EY', 'CL01291X', 'ESP01'),
	('J1LP4', 'CL00476I', 'ESP14'),
	('YFK03', 'CL00419C', 'ESP11'),
	('WBBGX', 'CL01041A', 'ESP07'),
	('91PYO', 'CL01067G', 'ESP21'),
	('EV954', 'CL00984Z', 'ESP13'),
	('B9B02', 'CL01677A', 'ESP01'),
	('ER6XX', 'CL00273Q', 'ESP17'),
	('00O8L', 'CL01435V', 'ESP16'),
	('WROLS', 'CL01925P', 'ESP05'),
	('MAU5Q', 'CL01908D', 'ESP15'),
	('BZU6A', 'CL00546K', 'ESP12'),
	('ZRXYI', 'CL01202O', 'ESP08'),
	('CM4AN', 'CL00454P', 'ESP01'),
	('LBOBR', 'CL01421Y', 'ESP01'),
	('O83HQ', 'CL00658U', 'ESP13'),
	('VVDA2', 'CL00314Q', 'ESP01'),
	('F8L2D', 'CL01303V', 'ESP21'),
	('JVZN3', 'CL00034K', 'ESP13'),
	('LT7DH', 'CL01315D', 'ESP02'),
	('EHNFD', 'CL00081K', 'ESP13'),
	('ZUOCP', 'CL01845I', 'ESP23'),
	('290BW', 'CL00217L', 'ESP20'),
	('CJRZN', 'CL01261I', 'ESP10'),
	('GZBKU', 'CL01886O', 'ESP07'),
	('I7X4W', 'CL00572W', 'ESP29'),
	('6RFFE', 'CL00134L', 'ESP01'),
	('RKB1C', 'CL01596C', 'ESP13'),
	('Y3RJ5', 'CL00897X', 'ESP15'),
	('N0WFA', 'CL01809P', 'ESP20'),
	('7IMY3', 'CL01683B', 'ESP10'),
	('73T8P', 'CL01298O', 'ESP13'),
	('C7E4O', 'CL00035H', 'ESP29'),
	('HBELN', 'CL01999J', 'ESP01'),
	('BQWDD', 'CL00643V', 'ESP13'),
	('WOFSB', 'CL01038Z', 'ESP26'),
	('Z1J24', 'CL00760J', 'ESP23'),
	('NXU4A', 'CL00657T', 'ESP14'),
	('LBLI4', 'CL00478J', 'ESP15'),
	('RVVA4', 'CL00072S', 'ESP23'),
	('2ZZAW', 'CL01012Q', 'ESP16'),
	('B85ET', 'CL00070P', 'ESP11'),
	('48Z8I', 'CL00948C', 'ESP10'),
	('40BTA', 'CL00789N', 'ESP28'),
	('1QDP7', 'CL01249F', 'ESP22'),
	('Y38FR', 'CL00667J', 'ESP05'),
	('NSA7B', 'CL00853F', 'ESP07'),
	('J0S3D', 'CL01278D', 'ESP04'),
	('MXCTM', 'CL01955O', 'ESP14'),
	('I1RRM', 'CL01184X', 'ESP09'),
	('Q02PD', 'CL01639I', 'ESP26'),
	('BCYWD', 'CL01035G', 'ESP12'),
	('P2Z0V', 'CL00796V', 'ESP10'),
	('QKC5L', 'CL01127C', 'ESP12'),
	('Y5HIO', 'CL01502K', 'ESP13'),
	('U0MEP', 'CL01223C', 'ESP20'),
	('5WSLX', 'CL00467V', 'ESP18'),
	('TS5UR', 'CL01035G', 'ESP16'),
	('3FV1L', 'CL01677A', 'ESP20'),
	('GCXLR', 'CL00585F', 'ESP20'),
	('3C5O4', 'CL01114K', 'ESP22'),
	('L768Q', 'CL01820J', 'ESP03'),
	('XYKZ2', 'CL00674E', 'ESP11'),
	('Y2KLI', 'CL01066A', 'ESP09'),
	('MIILI', 'CL01456H', 'ESP23'),
	('F47BZ', 'CL01077A', 'ESP01'),
	('E1IIO', 'CL00170Z', 'ESP03'),
	('T4HUE', 'CL00108M', 'ESP20'),
	('UMRA3', 'CL00359D', 'ESP01'),
	('UQIRX', 'CL01526I', 'ESP21'),
	('I4OZE', 'CL00257I', 'ESP10'),
	('I8EZM', 'CL00411T', 'ESP20'),
	('Z1X54', 'CL00833C', 'ESP01'),
	('FLANI', 'CL01828G', 'ESP28'),
	('J4V4D', 'CL01092R', 'ESP07'),
	('FYU1E', 'CL00275K', 'ESP18'),
	('LQP6I', 'CL01766Q', 'ESP28'),
	('C1CFE', 'CL00364I', 'ESP20'),
	('GOLBA', 'CL00193G', 'ESP28'),
	('1H3KC', 'CL01952T', 'ESP18'),
	('F3JVJ', 'CL00307Q', 'ESP11'),
	('XIYGW', 'CL00184Z', 'ESP11'),
	('ZV7AI', 'CL01716G', 'ESP15'),
	('6DL17', 'CL00128W', 'ESP30'),
	('RZHEK', 'CL00741W', 'ESP15'),
	('Q1VFU', 'CL01354X', 'ESP13'),
	('9NHCR', 'CL01884L', 'ESP10'),
	('Y0S0N', 'CL01443P', 'ESP12'),
	('ZGXP2', 'CL00484S', 'ESP03'),
	('VIXSD', 'CL00519E', 'ESP13'),
	('CWB6C', 'CL01584K', 'ESP15'),
	('ZT39D', 'CL00534G', 'ESP28'),
	('TWYZ5', 'CL00738L', 'ESP07'),
	('34K2R', 'CL01377C', 'ESP23'),
	('PPVRH', 'CL01972O', 'ESP15'),
	('6H1C4', 'CL01753G', 'ESP05'),
	('8LG9Q', 'CL01863T', 'ESP22'),
	('2XGG9', 'CL00776M', 'ESP01'),
	('HT5C6', 'CL00001Z', 'ESP12'),
	('QX7M4', 'CL00436Q', 'ESP11'),
	('JOAYU', 'CL01557C', 'ESP20'),
	('753XS', 'CL01521S', 'ESP11'),
	('ECL2B', 'CL01791E', 'ESP11'),
	('OX762', 'CL00277W', 'ESP01'),
	('41N8D', 'CL00284M', 'ESP17'),
	('OHGZB', 'CL01167J', 'ESP06'),
	('W3F02', 'CL01519Q', 'ESP12'),
	('56OX6', 'CL00656X', 'ESP02'),
	('ZC1EH', 'CL00592W', 'ESP08'),
	('40GU5', 'CL01677A', 'ESP17'),
	('8UDDN', 'CL00648Z', 'ESP05'),
	('GD8QB', 'CL01256M', 'ESP24'),
	('4J79J', 'CL01973Z', 'ESP22'),
	('Q3NSZ', 'CL01021G', 'ESP22'),
	('VW75P', 'CL01267M', 'ESP13'),
	('YK9JH', 'CL00960V', 'ESP27'),
	('J9SFI', 'CL00499Q', 'ESP01'),
	('YTFFD', 'CL01904C', 'ESP23'),
	('JCZEE', 'CL01908D', 'ESP30'),
	('MBHI8', 'CL01463F', 'ESP05'),
	('XKXFN', 'CL00487Z', 'ESP26'),
	('7NLTE', 'CL00552V', 'ESP01'),
	('33BWJ', 'CL00484S', 'ESP01'),
	('5TB6D', 'CL00122I', 'ESP02'),
	('A9MAX', 'CL01077A', 'ESP02'),
	('N7JJQ', 'CL01516F', 'ESP07'),
	('OB9S1', 'CL00004G', 'ESP01'),
	('15BJ1', 'CL01878O', 'ESP07'),
	('MPRTE', 'CL00968D', 'ESP01'),
	('JYQ25', 'CL01431S', 'ESP12'),
	('QLUXD', 'CL01308Y', 'ESP15'),
	('55STL', 'CL00336J', 'ESP22'),
	('FH6MB', 'CL00657T', 'ESP12'),
	('BOYW3', 'CL00163I', 'ESP30'),
	('9P6BZ', 'CL01202O', 'ESP13'),
	('FXIZE', 'CL01584K', 'ESP12'),
	('46HAK', 'CL00975X', 'ESP12'),
	('EHZ71', 'CL00241I', 'ESP15'),
	('2UCVX', 'CL00386M', 'ESP05'),
	('GO6LM', 'CL00600A', 'ESP05'),
	('KZAC0', 'CL01421Y', 'ESP22'),
	('B0I11', 'CL01454B', 'ESP01'),
	('7QR90', 'CL00010Z', 'ESP05'),
	('KSRNE', 'CL00300J', 'ESP13'),
	('7CD7S', 'CL01984A', 'ESP10'),
	('WK4SP', 'CL01296H', 'ESP01'),
	('ZW017', 'CL00398U', 'ESP16'),
	('ASNAY', 'CL01170M', 'ESP28'),
	('ZHD6L', 'CL00717I', 'ESP10'),
	('SRCV8', 'CL00704G', 'ESP15'),
	('8TJT4', 'CL00825Q', 'ESP13'),
	('5XF70', 'CL01636I', 'ESP24'),
	('8WVTG', 'CL00784G', 'ESP23'),
	('YPF27', 'CL00421X', 'ESP18'),
	('UQ7RZ', 'CL00649N', 'ESP03'),
	('IBKJK', 'CL01769J', 'ESP05'),
	('14Q9Z', 'CL00821K', 'ESP12'),
	('N1C0E', 'CL01454B', 'ESP20'),
	('QKCOK', 'CL01066A', 'ESP22'),
	('TCOSP', 'CL01510G', 'ESP10'),
	('Z5ARG', 'CL00142L', 'ESP28'),
	('3LRXN', 'CL00481G', 'ESP17'),
	('H0B6Y', 'CL01073X', 'ESP17'),
	('AETEZ', 'CL00943X', 'ESP22'),
	('HWJRF', 'CL01292T', 'ESP12'),
	('6VH8B', 'CL00841A', 'ESP08'),
	('ETNRT', 'CL01002K', 'ESP22'),
	('U83N2', 'CL00946G', 'ESP08'),
	('MKFRP', 'CL01767F', 'ESP05'),
	('G9QWI', 'CL00807T', 'ESP13'),
	('50U8U', 'CL00128W', 'ESP22'),
	('ZJ2BC', 'CL00333G', 'ESP20'),
	('Q5K6N', 'CL01880J', 'ESP22'),
	('F5LPB', 'CL00771C', 'ESP05'),
	('453TP', 'CL00621L', 'ESP01'),
	('XQ7RY', 'CL00326J', 'ESP09'),
	('RG070', 'CL00929D', 'ESP18'),
	('KLQI7', 'CL00256J', 'ESP25'),
	('JUSPK', 'CL01281X', 'ESP18'),
	('P64G8', 'CL00872V', 'ESP21'),
	('EPK1C', 'CL00717I', 'ESP01'),
	('W923X', 'CL00357O', 'ESP27'),
	('CR76M', 'CL01164H', 'ESP24'),
	('MF5MO', 'CL01775X', 'ESP13'),
	('MOOHT', 'CL01415N', 'ESP10'),
	('3M0HL', 'CL01235V', 'ESP07'),
	('DF2Z3', 'CL01870J', 'ESP21'),
	('S25IT', 'CL01440Y', 'ESP05'),
	('ACH1G', 'CL01476I', 'ESP25'),
	('N3FG9', 'CL01496Q', 'ESP05'),
	('JR17X', 'CL01300I', 'ESP05'),
	('M3LPL', 'CL01738N', 'ESP20'),
	('V5VWH', 'CL00854T', 'ESP05'),
	('0C346', 'CL00081K', 'ESP17'),
	('DF32W', 'CL01202O', 'ESP13'),
	('5CN6N', 'CL00821K', 'ESP01'),
	('QQM7W', 'CL00290P', 'ESP10'),
	('767UY', 'CL00633C', 'ESP19'),
	('MH5KQ', 'CL00992S', 'ESP07'),
	('XUWQ6', 'CL00161B', 'ESP01'),
	('BGP99', 'CL00843S', 'ESP15'),
	('E8TT4', 'CL00741W', 'ESP22'),
	('U05UI', 'CL00307Q', 'ESP29'),
	('QKM9Q', 'CL00518F', 'ESP01'),
	('1N5DO', 'CL01698E', 'ESP01'),
	('7SW6L', 'CL01319C', 'ESP29'),
	('6VYYH', 'CL01581M', 'ESP10'),
	('LUDR4', 'CL00406D', 'ESP08'),
	('UI666', 'CL00896A', 'ESP07'),
	('O0Q4D', 'CL00372M', 'ESP10'),
	('R6EMY', 'CL00478J', 'ESP20'),
	('O4XQN', 'CL01491Y', 'ESP28'),
	('J9OO5', 'CL00394H', 'ESP20'),
	('QZWD8', 'CL00729B', 'ESP11'),
	('5NLFO', 'CL01403H', 'ESP26'),
	('8DF7P', 'CL01324D', 'ESP01'),
	('T5XA1', 'CL00045R', 'ESP01'),
	('2PDV9', 'CL00038I', 'ESP07'),
	('0WQG3', 'CL01603E', 'ESP01'),
	('LSH78', 'CL00850P', 'ESP08'),
	('M1YIF', 'CL01066A', 'ESP07'),
	('6NAEH', 'CL01272T', 'ESP26'),
	('4M8AK', 'CL01952T', 'ESP09'),
	('NT6CT', 'CL00207T', 'ESP01'),
	('8DYCD', 'CL01601G', 'ESP23'),
	('5X1DM', 'CL01995P', 'ESP01'),
	('WKB45', 'CL00210T', 'ESP22'),
	('7W0U7', 'CL00620J', 'ESP08'),
	('ZQS1M', 'CL00217L', 'ESP11'),
	('U58DI', 'CL00029F', 'ESP12'),
	('CQ4JY', 'CL00065Z', 'ESP30'),
	('84IQ6', 'CL00273Q', 'ESP01'),
	('1UOKF', 'CL01753G', 'ESP29'),
	('M4I2F', 'CL01850Q', 'ESP17'),
	('LTH5J', 'CL01361E', 'ESP10'),
	('D2HZI', 'CL00605B', 'ESP01'),
	('GDXM2', 'CL01973Z', 'ESP07'),
	('22R4M', 'CL01286I', 'ESP12'),
	('7UTGI', 'CL00154Y', 'ESP13'),
	('WRRCU', 'CL00600A', 'ESP05'),
	('6NSEB', 'CL01075N', 'ESP15'),
	('ES306', 'CL00854T', 'ESP01'),
	('CGZ38', 'CL01256M', 'ESP16'),
	('BXBH2', 'CL01544P', 'ESP29'),
	('7NKHR', 'CL01490W', 'ESP20'),
	('IQ68Z', 'CL00237S', 'ESP05'),
	('7VEC4', 'CL01543M', 'ESP30'),
	('I3LLZ', 'CL00884J', 'ESP07'),
	('JENJA', 'CL00327Q', 'ESP14'),
	('4IYXQ', 'CL01709I', 'ESP05'),
	('G2MMC', 'CL00269X', 'ESP20'),
	('35FZY', 'CL00607Y', 'ESP13'),
	('YIT68', 'CL01129X', 'ESP14'),
	('4SHIF', 'CL00984Z', 'ESP26'),
	('30BNN', 'CL01877F', 'ESP13'),
	('OYBHT', 'CL00232V', 'ESP12'),
	('6J6CQ', 'CL01081P', 'ESP11'),
	('7R8K0', 'CL01790L', 'ESP07'),
	('81C3G', 'CL01451Y', 'ESP15'),
	('JRJBN', 'CL00212B', 'ESP01'),
	('7MPNJ', 'CL01555Z', 'ESP08'),
	('NA7ZH', 'CL00478J', 'ESP01'),
	('97106', 'CL01507X', 'ESP14'),
	('DTYHG', 'CL01313Q', 'ESP22'),
	('RUIM7', 'CL00466O', 'ESP18'),
	('3314C', 'CL01352O', 'ESP17'),
	('A36T4', 'CL01086Y', 'ESP20'),
	('6R4VF', 'CL01988G', 'ESP27'),
	('AINAX', 'CL01963O', 'ESP01'),
	('OYNFF', 'CL00769Z', 'ESP10'),
	('I0KG0', 'CL01556T', 'ESP18'),
	('2WSBV', 'CL01854R', 'ESP13'),
	('1XXPI', 'CL00304H', 'ESP13'),
	('0466Y', 'CL00978J', 'ESP12'),
	('R1PMW', 'CL01673F', 'ESP13'),
	('T21TF', 'CL01132T', 'ESP17'),
	('CLXA6', 'CL01642R', 'ESP07'),
	('5NKB4', 'CL01080Y', 'ESP01'),
	('NO0TN', 'CL00267M', 'ESP22'),
	('VIZ5W', 'CL01791E', 'ESP08'),
	('YECO5', 'CL01435V', 'ESP23'),
	('HCO0N', 'CL01844R', 'ESP22'),
	('OFUC7', 'CL00492U', 'ESP06'),
	('GS6K0', 'CL00910F', 'ESP20'),
	('D60S7', 'CL01285I', 'ESP12'),
	('TIOQ9', 'CL01608W', 'ESP21'),
	('8WXK6', 'CL00224W', 'ESP05'),
	('OKTN2', 'CL00581Q', 'ESP14'),
	('7KTYG', 'CL00790D', 'ESP08'),
	('89OKL', 'CL00030K', 'ESP10'),
	('C0CYD', 'CL01475Y', 'ESP09'),
	('IXK9Y', 'CL00736C', 'ESP17'),
	('2Q6D4', 'CL01981H', 'ESP27'),
	('QV9F9', 'CL00567P', 'ESP10'),
	('PMX2W', 'CL00614M', 'ESP13'),
	('2EO1P', 'CL01598O', 'ESP20'),
	('DB5LS', 'CL01229D', 'ESP01'),
	('U1VD5', 'CL00729B', 'ESP15'),
	('IPD15', 'CL01130L', 'ESP05'),
	('GZREC', 'CL00789N', 'ESP01'),
	('56NLU', 'CL01266I', 'ESP07'),
	('UFWS8', 'CL01988G', 'ESP28'),
	('P2T49', 'CL00018Y', 'ESP13'),
	('MTHEY', 'CL00264Z', 'ESP01'),
	('JLO25', 'CL01617C', 'ESP01'),
	('2FIMZ', 'CL00573Z', 'ESP08'),
	('HUJPT', 'CL00935W', 'ESP24'),
	('HGEIC', 'CL01364X', 'ESP09'),
	('8G5PR', 'CL00892S', 'ESP12'),
	('E6MRY', 'CL00854T', 'ESP01'),
	('SV4C1', 'CL01645Q', 'ESP01'),
	('HL1FS', 'CL01347Z', 'ESP01'),
	('BDO0F', 'CL00942P', 'ESP08'),
	('AAQMC', 'CL00004G', 'ESP16'),
	('QLKWK', 'CL00179G', 'ESP19'),
	('8C0LU', 'CL00134L', 'ESP01'),
	('O7GSN', 'CL00437E', 'ESP23'),
	('PW7M2', 'CL00052L', 'ESP08'),
	('60RRP', 'CL01856H', 'ESP08'),
	('BH634', 'CL01494O', 'ESP26'),
	('3LZL6', 'CL01694T', 'ESP28'),
	('WB6O5', 'CL01931O', 'ESP11'),
	('HZOY2', 'CL00621L', 'ESP21'),
	('5HS7K', 'CL01811R', 'ESP01'),
	('VKV5X', 'CL01541M', 'ESP10'),
	('EXMMU', 'CL00591A', 'ESP04'),
	('ZQSHM', 'CL00814J', 'ESP09'),
	('0IP5Z', 'CL01557C', 'ESP20'),
	('75U6L', 'CL01918A', 'ESP08'),
	('CZ99D', 'CL01722T', 'ESP05'),
	('Q7ICX', 'CL00486R', 'ESP14'),
	('9VMSM', 'CL01469Y', 'ESP17'),
	('6QGJO', 'CL00269X', 'ESP18'),
	('BR4ZU', 'CL00883W', 'ESP22'),
	('ANTOM', 'CL01325J', 'ESP22'),
	('510OR', 'CL01429W', 'ESP26'),
	('9T7BM', 'CL00471K', 'ESP08'),
	('LJZ9C', 'CL00738L', 'ESP05'),
	('066HS', 'CL00094R', 'ESP05'),
	('8JRSI', 'CL00254A', 'ESP21'),
	('QCDNS', 'CL01994G', 'ESP22'),
	('HG2XA', 'CL01582T', 'ESP23'),
	('5ZQQN', 'CL01023A', 'ESP07'),
	('B73QN', 'CL01729H', 'ESP06'),
	('BLYKL', 'CL00866D', 'ESP16'),
	('MS2EQ', 'CL01707E', 'ESP16'),
	('FLLR1', 'CL00408Q', 'ESP01'),
	('ZECS0', 'CL00897X', 'ESP30'),
	('83RL1', 'CL01063T', 'ESP18'),
	('RDH0H', 'CL01588O', 'ESP15'),
	('EW9XO', 'CL01462U', 'ESP24'),
	('BJ590', 'CL00244O', 'ESP18'),
	('WJP3L', 'CL01559N', 'ESP05'),
	('6KUAI', 'CL00004G', 'ESP01'),
	('UZ2CY', 'CL00779F', 'ESP05'),
	('E7VD7', 'CL01592N', 'ESP10'),
	('4XB4A', 'CL00968D', 'ESP07'),
	('OKCCC', 'CL01830G', 'ESP24'),
	('NAMIS', 'CL00007G', 'ESP05'),
	('Y5GK4', 'CL00972V', 'ESP29'),
	('WTG7H', 'CL00209V', 'ESP21'),
	('F2WL1', 'CL00679M', 'ESP22'),
	('5VOC8', 'CL00094R', 'ESP05'),
	('FLP51', 'CL01707E', 'ESP01'),
	('15SNG', 'CL01952T', 'ESP15'),
	('2NP2P', 'CL01595E', 'ESP15'),
	('0XUYI', 'CL01416C', 'ESP28'),
	('K3J18', 'CL01604C', 'ESP29'),
	('DI8LT', 'CL00720E', 'ESP22'),
	('GI7YM', 'CL00045R', 'ESP12'),
	('FSP9N', 'CL00232V', 'ESP20'),
	('QVR3D', 'CL01458K', 'ESP22'),
	('U7BBX', 'CL00696L', 'ESP02'),
	('YW7EU', 'CL00678S', 'ESP08'),
	('Y8KYZ', 'CL00135B', 'ESP19'),
	('SD6PM', 'CL01089R', 'ESP18'),
	('DB40M', 'CL01820J', 'ESP01'),
	('0FK8T', 'CL01249F', 'ESP24'),
	('AFVSU', 'CL01646D', 'ESP15'),
	('UPJE5', 'CL00684F', 'ESP22'),
	('M89WU', 'CL01325J', 'ESP09'),
	('JMX2C', 'CL00679M', 'ESP05'),
	('9K8ZM', 'CL01588O', 'ESP07'),
	('7VDAF', 'CL01688X', 'ESP13'),
	('T5547', 'CL01614K', 'ESP14'),
	('72FSQ', 'CL00512R', 'ESP23'),
	('F0BAA', 'CL00980H', 'ESP17'),
	('SSLFJ', 'CL01180I', 'ESP12'),
	('ZXVCE', 'CL01549R', 'ESP29'),
	('VTYAI', 'CL00217L', 'ESP23'),
	('4XN68', 'CL01344I', 'ESP23'),
	('LUS3I', 'CL00690Y', 'ESP29'),
	('XJ9AG', 'CL01026Y', 'ESP22'),
	('8HFG9', 'CL01909V', 'ESP23'),
	('UQ0TA', 'CL00621L', 'ESP09'),
	('MT8QT', 'CL01177P', 'ESP10'),
	('PKQY7', 'CL01065D', 'ESP15'),
	('8QVTU', 'CL01359G', 'ESP24'),
	('ZEPGE', 'CL01128D', 'ESP21'),
	('V3OZG', 'CL00624L', 'ESP01'),
	('Q3HTW', 'CL00940G', 'ESP22'),
	('J76I8', 'CL01473T', 'ESP13'),
	('L75JY', 'CL01400M', 'ESP01'),
	('4AT1V', 'CL00617A', 'ESP22'),
	('DLBUD', 'CL00742Y', 'ESP03'),
	('NJYW5', 'CL01973Z', 'ESP22'),
	('0JI8K', 'CL01668Y', 'ESP20'),
	('ZCV5P', 'CL00481G', 'ESP12'),
	('R83S5', 'CL01728I', 'ESP28'),
	('IRTXF', 'CL00319X', 'ESP04'),
	('285VB', 'CL01597H', 'ESP09'),
	('SYX26', 'CL00446O', 'ESP05'),
	('VFQYI', 'CL00045R', 'ESP01'),
	('5GZ0X', 'CL00369C', 'ESP08'),
	('JJ68E', 'CL00995N', 'ESP14'),
	('1KXUO', 'CL01348B', 'ESP13'),
	('RJG95', 'CL01923X', 'ESP07'),
	('AJ55U', 'CL00481G', 'ESP28'),
	('8V61A', 'CL01757H', 'ESP05'),
	('2WG4G', 'CL01751A', 'ESP20'),
	('J9ML2', 'CL01146I', 'ESP12'),
	('K5T27', 'CL01820J', 'ESP05'),
	('YRLVE', 'CL00116A', 'ESP29'),
	('T3ZCB', 'CL01316F', 'ESP29'),
	('T0FB5', 'CL01866V', 'ESP10'),
	('4TLXT', 'CL01769J', 'ESP08'),
	('W7G8Z', 'CL00330Z', 'ESP01'),
	('KN7BG', 'CL00252L', 'ESP29'),
	('F9FML', 'CL01516F', 'ESP01'),
	('NV0XP', 'CL00543L', 'ESP22'),
	('8GHLK', 'CL00334D', 'ESP11'),
	('FIRL1', 'CL01680W', 'ESP19'),
	('TMEU3', 'CL00760J', 'ESP24'),
	('UGEEM', 'CL01607W', 'ESP07'),
	('CIYFZ', 'CL01163I', 'ESP26'),
	('GCI14', 'CL00530U', 'ESP13'),
	('EJHWE', 'CL01290K', 'ESP04'),
	('5I6PY', 'CL01484H', 'ESP05'),
	('P587Z', 'CL01569G', 'ESP01'),
	('UTQQF', 'CL00693R', 'ESP08'),
	('WD0JG', 'CL00112X', 'ESP01'),
	('HKOQN', 'CL00484S', 'ESP07'),
	('HPTJ9', 'CL01402M', 'ESP07'),
	('QPK0T', 'CL00140P', 'ESP07'),
	('J8QU3', 'CL01771N', 'ESP12'),
	('X3FFU', 'CL01702B', 'ESP08'),
	('LF9TD', 'CL00783C', 'ESP26'),
	('COJ77', 'CL00582P', 'ESP26'),
	('WHO5F', 'CL01893X', 'ESP28'),
	('M7SGP', 'CL00487Z', 'ESP09'),
	('XGHHM', 'CL01836K', 'ESP16'),
	('UPSTM', 'CL01548I', 'ESP15'),
	('I2LQT', 'CL00409Q', 'ESP22'),
	('RQHZQ', 'CL01004X', 'ESP01'),
	('GC51O', 'CL01750X', 'ESP21'),
	('GRKV9', 'CL01757H', 'ESP23'),
	('QVK88', 'CL01448X', 'ESP23'),
	('AHLTD', 'CL00210T', 'ESP11'),
	('EFXO5', 'CL01806L', 'ESP16'),
	('62O0I', 'CL00942P', 'ESP21'),
	('S8YTW', 'CL00554L', 'ESP10'),
	('BLVE9', 'CL01012Q', 'ESP16'),
	('OV91V', 'CL00585F', 'ESP22'),
	('P8C8U', 'CL01072S', 'ESP20'),
	('ZX97H', 'CL01135I', 'ESP28'),
	('LO3SO', 'CL00369C', 'ESP01'),
	('7FFMN', 'CL01359G', 'ESP01'),
	('7C6AZ', 'CL00586D', 'ESP10'),
	('LPCU1', 'CL01889R', 'ESP08'),
	('OMQLW', 'CL01707E', 'ESP01'),
	('7H2JB', 'CL00691E', 'ESP11'),
	('OGLFY', 'CL01007E', 'ESP13'),
	('1KDKA', 'CL01607W', 'ESP29'),
	('YCA1H', 'CL01637D', 'ESP20'),
	('G312U', 'CL00163I', 'ESP14'),
	('T43IJ', 'CL01221D', 'ESP20'),
	('1AIW7', 'CL01454B', 'ESP01'),
	('7JJ6M', 'CL01175B', 'ESP13'),
	('1QUT0', 'CL01830G', 'ESP10'),
	('32UG2', 'CL01475Y', 'ESP07'),
	('1U7F7', 'CL01014C', 'ESP12'),
	('PLXK7', 'CL01584K', 'ESP26'),
	('F0WU3', 'CL01704Y', 'ESP07'),
	('7FEIE', 'CL01241E', 'ESP10'),
	('S3UCA', 'CL00543L', 'ESP04'),
	('TW2RR', 'CL00754D', 'ESP13'),
	('GDK4U', 'CL01603E', 'ESP24'),
	('5G326', 'CL00946G', 'ESP08'),
	('6UP02', 'CL01917F', 'ESP22'),
	('31GNK', 'CL00005B', 'ESP10'),
	('85DJU', 'CL01463F', 'ESP01'),
	('2PZSY', 'CL00907A', 'ESP23'),
	('KH6RX', 'CL00075L', 'ESP10'),
	('3FKVZ', 'CL00783C', 'ESP21'),
	('6MHIS', 'CL00109V', 'ESP08'),
	('TO6KP', 'CL01845I', 'ESP09'),
	('I5E3M', 'CL01894H', 'ESP12'),
	('F9EXC', 'CL00607Y', 'ESP07'),
	('MO3UI', 'CL01896C', 'ESP14'),
	('W7JP7', 'CL01177P', 'ESP11'),
	('4SHF8', 'CL01698E', 'ESP12'),
	('LP2EX', 'CL01884L', 'ESP20'),
	('5UCAG', 'CL01050N', 'ESP12'),
	('71659', 'CL01159Z', 'ESP20'),
	('9422J', 'CL00064K', 'ESP14'),
	('WKRYX', 'CL00016W', 'ESP08'),
	('BVRJF', 'CL00985M', 'ESP10'),
	('O52T9', 'CL01112M', 'ESP22'),
	('D6JCY', 'CL01512I', 'ESP12'),
	('NG8BY', 'CL00747F', 'ESP19'),
	('5E8PN', 'CL01119A', 'ESP13'),
	('W7E1P', 'CL01828G', 'ESP27'),
	('KR2K4', 'CL00018Y', 'ESP07'),
	('WFCFR', 'CL00197F', 'ESP10'),
	('F48QY', 'CL00548Y', 'ESP24'),
	('U2130', 'CL00037H', 'ESP07'),
	('8XOFJ', 'CL00632Q', 'ESP11'),
	('NL8HK', 'CL01543M', 'ESP20'),
	('CVVGG', 'CL00995N', 'ESP08'),
	('IP1OR', 'CL00799R', 'ESP01'),
	('8MUE0', 'CL00312N', 'ESP13'),
	('ABPA5', 'CL01345X', 'ESP09'),
	('BSRBU', 'CL00690Y', 'ESP19'),
	('8EZQN', 'CL00415N', 'ESP12'),
	('LR2E0', 'CL01547W', 'ESP05'),
	('09BNJ', 'CL01266I', 'ESP13'),
	('9JY9D', 'CL00541P', 'ESP12'),
	('N4DN5', 'CL01151H', 'ESP01'),
	('8SCTU', 'CL01902Y', 'ESP28'),
	('KL4WL', 'CL01707E', 'ESP28'),
	('N8JYZ', 'CL00585F', 'ESP12'),
	('P9BZU', 'CL00557F', 'ESP25'),
	('F8AOZ', 'CL01800V', 'ESP20'),
	('TOYTL', 'CL01142T', 'ESP26'),
	('PQPNN', 'CL00980H', 'ESP13'),
	('HBDJ6', 'CL00501K', 'ESP05'),
	('KSM3Z', 'CL00670D', 'ESP09'),
	('DRH97', 'CL01747A', 'ESP14'),
	('O5SE6', 'CL01043V', 'ESP25'),
	('Q0T37', 'CL01065D', 'ESP28'),
	('B32AW', 'CL01387B', 'ESP07'),
	('43EPO', 'CL01172G', 'ESP20'),
	('13DZK', 'CL01022E', 'ESP20'),
	('LB91J', 'CL00741W', 'ESP06'),
	('YG7HR', 'CL00517F', 'ESP12'),
	('PDHZZ', 'CL01387B', 'ESP07'),
	('6JPA0', 'CL00703C', 'ESP13'),
	('JREKV', 'CL00415N', 'ESP08'),
	('V4JLO', 'CL00670D', 'ESP28'),
	('O7XIZ', 'CL01325J', 'ESP14'),
	('STO3B', 'CL01824R', 'ESP03'),
	('7K7CS', 'CL00820M', 'ESP12'),
	('Y04MC', 'CL01265Q', 'ESP29'),
	('FTCEN', 'CL01017R', 'ESP07'),
	('1KIHN', 'CL01276Y', 'ESP15'),
	('RIVVL', 'CL00297C', 'ESP17'),
	('5HWEU', 'CL01179H', 'ESP08'),
	('XWP8Y', 'CL00214W', 'ESP01'),
	('4G37J', 'CL01035G', 'ESP19'),
	('Q8E5I', 'CL01994G', 'ESP13'),
	('Z1M7Q', 'CL00103P', 'ESP22'),
	('AH5JZ', 'CL00264Z', 'ESP22'),
	('53Z0G', 'CL01807D', 'ESP05'),
	('42E4Y', 'CL01291X', 'ESP07'),
	('VT5B6', 'CL00938F', 'ESP10'),
	('L8G6Q', 'CL01522N', 'ESP04'),
	('XLSUQ', 'CL01159Z', 'ESP14'),
	('0UHLJ', 'CL00217L', 'ESP13'),
	('C8NXX', 'CL01256M', 'ESP01'),
	('KBSD1', 'CL00621L', 'ESP11'),
	('XZKY9', 'CL01168C', 'ESP18'),
	('SZFVU', 'CL01146I', 'ESP20'),
	('QI4E4', 'CL00467V', 'ESP08'),
	('EX8QT', 'CL01248L', 'ESP20'),
	('CT96R', 'CL01265Q', 'ESP05'),
	('2J16S', 'CL00481G', 'ESP28'),
	('2QS3H', 'CL01752I', 'ESP08'),
	('6ATZY', 'CL01513N', 'ESP13'),
	('23CXR', 'CL01101I', 'ESP13'),
	('GUPW9', 'CL01790L', 'ESP22'),
	('FIMGI', 'CL00708A', 'ESP27'),
	('QAJJX', 'CL00194L', 'ESP22'),
	('X7GFI', 'CL01960F', 'ESP01'),
	('7C8LK', 'CL01498Z', 'ESP24'),
	('79FP4', 'CL00451D', 'ESP08'),
	('P14EA', 'CL00691E', 'ESP05'),
	('6FY76', 'CL01563U', 'ESP16'),
	('ZG90O', 'CL00886L', 'ESP05'),
	('Q5HMP', 'CL01492B', 'ESP05'),
	('L7MBL', 'CL01630G', 'ESP28'),
	('MKOZ1', 'CL00450I', 'ESP04'),
	('SOEGQ', 'CL00341E', 'ESP22'),
	('JC71C', 'CL00917K', 'ESP29'),
	('WOUWQ', 'CL00879R', 'ESP19'),
	('NGHQB', 'CL00331F', 'ESP20'),
	('A5231', 'CL00607Y', 'ESP26'),
	('TP4W7', 'CL00526O', 'ESP16'),
	('TTDQN', 'CL01679O', 'ESP28'),
	('NDXIZ', 'CL01769J', 'ESP01'),
	('WQECM', 'CL01543M', 'ESP18'),
	('I4FQN', 'CL00330Z', 'ESP22'),
	('N81X6', 'CL01728I', 'ESP30'),
	('GC5IW', 'CL01917F', 'ESP26'),
	('G7MJ0', 'CL01486R', 'ESP01'),
	('5OE4Z', 'CL00410A', 'ESP20'),
	('GYBSZ', 'CL01335U', 'ESP22'),
	('E22GF', 'CL00784G', 'ESP05'),
	('XKG07', 'CL01049O', 'ESP16'),
	('7QOT1', 'CL01654J', 'ESP12'),
	('B4LB8', 'CL01654J', 'ESP26'),
	('AR8VJ', 'CL01405Z', 'ESP09'),
	('2FM9L', 'CL00048G', 'ESP19'),
	('T1JZS', 'CL00546K', 'ESP11'),
	('7SB25', 'CL00943X', 'ESP20'),
	('9MUE5', 'CL00708A', 'ESP01'),
	('RMIQN', 'CL01049O', 'ESP17'),
	('PUHNV', 'CL00194L', 'ESP10'),
	('46VD6', 'CL01081P', 'ESP21'),
	('D3KLD', 'CL00094R', 'ESP22'),
	('2ARN8', 'CL01019Z', 'ESP20'),
	('VU5SG', 'CL00968D', 'ESP10'),
	('JORNV', 'CL01868T', 'ESP16'),
	('W7JWD', 'CL00857J', 'ESP12'),
	('BFZXW', 'CL01998B', 'ESP22'),
	('HYFS7', 'CL01384M', 'ESP01'),
	('0AXYX', 'CL01831W', 'ESP01'),
	('DVZCL', 'CL00853F', 'ESP09'),
	('5X95B', 'CL00004G', 'ESP26'),
	('Q4GVF', 'CL01514S', 'ESP13'),
	('CRULX', 'CL01101I', 'ESP07'),
	('TA65S', 'CL01261I', 'ESP02'),
	('GDGE5', 'CL00055M', 'ESP13'),
	('32CJQ', 'CL01798W', 'ESP28'),
	('EMI0U', 'CL00960V', 'ESP19'),
	('PGIJY', 'CL01139V', 'ESP22'),
	('W9UVK', 'CL01062F', 'ESP10'),
	('4W5N2', 'CL01734N', 'ESP28'),
	('LV48X', 'CL00330Z', 'ESP16'),
	('BHRVF', 'CL00693R', 'ESP29'),
	('YIS90', 'CL00544C', 'ESP11'),
	('5ABG0', 'CL00501K', 'ESP15'),
	('4LAVH', 'CL01732R', 'ESP14'),
	('PA608', 'CL00241I', 'ESP28'),
	('PLHO0', 'CL00680V', 'ESP10'),
	('FPW96', 'CL01086Y', 'ESP15'),
	('NICI6', 'CL01667U', 'ESP28'),
	('GIMFD', 'CL01707E', 'ESP30'),
	('H1XOL', 'CL00196T', 'ESP14'),
	('4FWT0', 'CL00120X', 'ESP20'),
	('O40QK', 'CL01406P', 'ESP12'),
	('6G2DJ', 'CL00986B', 'ESP19'),
	('Q1SAY', 'CL00717I', 'ESP11'),
	('5WY10', 'CL01869L', 'ESP13'),
	('VLZA6', 'CL00930W', 'ESP08'),
	('3JQ2B', 'CL01992T', 'ESP05'),
	('LW9S0', 'CL01140X', 'ESP01'),
	('0YXVD', 'CL00994J', 'ESP15'),
	('VYXCN', 'CL00780Q', 'ESP11'),
	('DMGB3', 'CL01513N', 'ESP18'),
	('6PA8M', 'CL01229D', 'ESP11'),
	('CE8TH', 'CL01264D', 'ESP08'),
	('X5ZSY', 'CL01707E', 'ESP17'),
	('VB5JV', 'CL00708A', 'ESP10'),
	('98OCB', 'CL01866V', 'ESP23'),
	('8JG7L', 'CL00080K', 'ESP23'),
	('Y63J4', 'CL01975Q', 'ESP10'),
	('J0CTG', 'CL01736D', 'ESP12'),
	('9W2E4', 'CL00679M', 'ESP28'),
	('KHM8M', 'CL01646D', 'ESP01'),
	('JX8QZ', 'CL01156E', 'ESP04'),
	('3PTPY', 'CL01022E', 'ESP12'),
	('A39IK', 'CL00159H', 'ESP08'),
	('Y8C6H', 'CL01937T', 'ESP13'),
	('XIQXA', 'CL01462U', 'ESP07'),
	('W6AZK', 'CL01118Z', 'ESP22'),
	('2OKM7', 'CL01173O', 'ESP14'),
	('ZR8YQ', 'CL01889R', 'ESP13'),
	('V5JAG', 'CL01434C', 'ESP05'),
	('YIYVL', 'CL00691E', 'ESP08'),
	('0VOPQ', 'CL00311X', 'ESP11'),
	('BA505', 'CL01790L', 'ESP11'),
	('NWUFJ', 'CL01460E', 'ESP22'),
	('DK2KL', 'CL01918A', 'ESP25'),
	('IU1DH', 'CL01091P', 'ESP10'),
	('YUXQI', 'CL00579S', 'ESP05'),
	('D663U', 'CL01290K', 'ESP01'),
	('02EEG', 'CL01615Z', 'ESP18'),
	('MIARI', 'CL00752K', 'ESP18'),
	('1G8O4', 'CL01470V', 'ESP17');

/* INGESTA EN TABLA DE HECHOS
	Mueve datos de tabla temporal a tabla principal
*/
DELETE FROM cobranzas_capa_uno.fact_cobranzas 
WHERE periodo IN (SELECT DISTINCT periodo FROM cobranzas_capa_uno.temp_cobranzas);
INSERT INTO cobranzas_capa_uno.fact_cobranzas 
	(periodo, 
	asesor, 
	fecha_operacion, 
	contrato, 
	comision, 
	valor_neto, 
	porcentaje_comision, 
	forma_pago,
	hoja_origen,
	numero_recibo)
	(SELECT 
		periodo,
		asesor,
		fecha_operacion,
		contrato,
		comision,
		valor_neto,
		porcentaje_comision,
		forma_pago,
		hoja_origen,
		numero_recibo
	FROM cobranzas_capa_uno.temp_cobranzas
	);
